<?xml version="1.0" encoding="UTF-8"?>
<DepedendencyGraph version="1.1"><Nodes><Node type="urn:com:soa:ObjectKey"><ObjectKey class="com.soa.contracts.ContractKey">6db8d6ad-ddb0-11e4-bea5-dbead20d92c4:1011</ObjectKey><property class="java.lang.String" name="_NAME_" type="urn:com:soa:SimpleProperty">Anonymous</property></Node><Node type="urn:com:soa:ObjectKey"><ObjectKey class="com.soa.bpel.BpelKey">bpel:0527830f-ddb2-11e4-bea5-dbead20d92c4</ObjectKey><property class="java.lang.String" name="_NAME_" type="urn:com:soa:SimpleProperty">DropboxIntegrationMain</property></Node><Node type="urn:com:soa:ObjectKey"><ObjectKey class="com.soa.service.operation.model.BindingOperationQualifiedKey">{http://www.soa.com/dropbox/integration}dropbox_API_Integration$$${http://www.soa.com/trialleads}TrialLeads_API_Binding$$$GET__leads</ObjectKey></Node><Node type="urn:com:soa:ObjectKey"><ObjectKey class="com.soa.bpel.BpelKey">bpel:4893d5d0-dcca-11e4-bea5-dbead20d92c4</ObjectKey></Node><Node type="urn:com:soa:ObjectKey"><ObjectKey class="com.soa.wsdl.model.impl.WsdlInterfaceImpl">uddi:d20279c4-855f-b85a-8e68-a4e710409060</ObjectKey><property class="java.lang.String" name="_NAME_" type="urn:com:soa:SimpleProperty">{http://www.soa.com/trialleads}TrialLeads_API_PortType</property></Node><Node type="urn:com:soa:ObjectKey"><ObjectKey class="com.soa.wsdl.model.impl.WsdlBindingImpl">uddi:3843dedd-8d3e-3f89-0dd3-4983132d1fd0</ObjectKey><property class="java.lang.String" name="_NAME_" type="urn:com:soa:SimpleProperty">{http://www.soa.com/trialleads}TrialLeads_API_Binding</property></Node><Node type="urn:com:soa:ObjectKey"><ObjectKey class="com.soa.service.operation.model.BindingOperationQualifiedKey">{http://www.soa.com/dropbox/integration}dropbox_API_Integration$$${http://www.soa.com/trialleads}TrialLeads_API_Binding$$$POST__leads</ObjectKey></Node><Node type="urn:com:soa:ObjectKey"><ObjectKey class="com.soa.policy.config.model.PolicyKey">DetailedAuditing</ObjectKey><property class="java.lang.String" name="_NAME_" type="urn:com:soa:SimpleProperty">DetailedAuditing</property></Node><Node type="urn:com:soa:ObjectKey"><ObjectKey class="com.soa.bpel.BpelKey">bpel:e0acf7ae-dcc4-11e4-bea5-dbead20d92c4</ObjectKey><property class="java.lang.String" name="_NAME_" type="urn:com:soa:SimpleProperty">SalesForceOAuthPostLead</property></Node><Node type="urn:com:soa:ObjectKey"><ObjectKey class="com.soa.service.model.ServiceKey">uddi:15ff87f7-dcca-11e4-bea5-dbead20d92c4</ObjectKey><property class="java.lang.String" name="_NAME_" type="urn:com:soa:SimpleProperty">Dropbox_API_Integration</property></Node><Node type="urn:com:soa:ObjectKey"><ObjectKey class="com.soa.service.endpoint.EndpointKey">uddi:1680ed02-dcca-11e4-bea5-dbead20d92c4</ObjectKey></Node><Node type="urn:com:soa:ObjectKey"><ObjectKey class="com.soa.organization.model.OrganizationKey">uddi:2dafe39a-dcc4-11e4-bea5-dbead20d92c4</ObjectKey><property class="java.lang.String" name="_NAME_" type="urn:com:soa:SimpleProperty">Dropbox API Integration</property></Node><Node type="urn:com:soa:ObjectKey"><ObjectKey class="com.soa.security.util.QualifiedUserName">Local Domain\Aqp#jgtiCC4PPAWeGgzwug==</ObjectKey></Node><Node type="urn:com:soa:ObjectKey"><ObjectKey class="com.soa.service.operation.model.OperationKey">16414bee-dcca-11e4-bea5-dbead20d92c4</ObjectKey></Node><Node type="urn:com:soa:ObjectKey"><ObjectKey class="com.soa.bpel.BpelKey">bpel:830cc3e3-dcc4-11e4-bea5-dbead20d92c4</ObjectKey><property class="java.lang.String" name="_NAME_" type="urn:com:soa:SimpleProperty">PostLeadToDropbox</property></Node><Node type="urn:com:soa:ObjectKey"><ObjectKey class="com.soa.bpel.BpelKey">bpel:a1c12da5-dcc4-11e4-bea5-dbead20d92c4</ObjectKey><property class="java.lang.String" name="_NAME_" type="urn:com:soa:SimpleProperty">UploadFileToDropbox</property></Node><Node type="urn:com:soa:ObjectKey"><ObjectKey class="com.soa.service.operation.model.OperationKey">1640889b-dcca-11e4-bea5-dbead20d92c4</ObjectKey></Node><Node type="urn:com:soa:ObjectKey"><ObjectKey class="com.soa.svccontainer.ContainerKey">283b5d7c-b1dc-456d-ad3d-98cb1fc5</ObjectKey><property class="java.lang.String" name="_NAME_" type="urn:com:soa:SimpleProperty">nd</property></Node><Node type="urn:com:soa:ObjectKey"><ObjectKey class="com.soa.bpel.BpelKey">bpel:d21b1bd9-dcc4-11e4-bea5-dbead20d92c4</ObjectKey><property class="java.lang.String" name="_NAME_" type="urn:com:soa:SimpleProperty">SalesForceOAuth</property></Node></Nodes><Links><Link type="organization->process:ReferedBy"><From><Node type="urn:com:soa:ObjectKey"><ObjectKey class="com.soa.organization.model.OrganizationKey">uddi:2dafe39a-dcc4-11e4-bea5-dbead20d92c4</ObjectKey></Node></From><To><Node type="urn:com:soa:ObjectKey"><ObjectKey class="com.soa.bpel.BpelKey">bpel:0527830f-ddb2-11e4-bea5-dbead20d92c4</ObjectKey></Node></To></Link><Link type="bndoperation->service:parent"><From><Node type="urn:com:soa:ObjectKey"><ObjectKey class="com.soa.service.operation.model.BindingOperationQualifiedKey">{http://www.soa.com/dropbox/integration}dropbox_API_Integration$$${http://www.soa.com/trialleads}TrialLeads_API_Binding$$$GET__leads</ObjectKey></Node></From><To><Node type="urn:com:soa:ObjectKey"><ObjectKey class="com.soa.service.model.ServiceKey">uddi:15ff87f7-dcca-11e4-bea5-dbead20d92c4</ObjectKey></Node></To></Link><Link type="service->binding:ImplementedBy"><From><Node type="urn:com:soa:ObjectKey"><ObjectKey class="com.soa.service.model.ServiceKey">uddi:15ff87f7-dcca-11e4-bea5-dbead20d92c4</ObjectKey></Node></From><To><Node type="urn:com:soa:ObjectKey"><ObjectKey class="com.soa.wsdl.model.impl.WsdlBindingImpl">uddi:3843dedd-8d3e-3f89-0dd3-4983132d1fd0</ObjectKey></Node></To></Link><Link type="service->interface:ImplementedBy"><From><Node type="urn:com:soa:ObjectKey"><ObjectKey class="com.soa.service.model.ServiceKey">uddi:15ff87f7-dcca-11e4-bea5-dbead20d92c4</ObjectKey></Node></From><To><Node type="urn:com:soa:ObjectKey"><ObjectKey class="com.soa.wsdl.model.impl.WsdlInterfaceImpl">uddi:d20279c4-855f-b85a-8e68-a4e710409060</ObjectKey></Node></To></Link><Link type="org->contract:refer"><From><Node type="urn:com:soa:ObjectKey"><ObjectKey class="com.soa.organization.model.OrganizationKey">uddi:2dafe39a-dcc4-11e4-bea5-dbead20d92c4</ObjectKey></Node></From><To><Node type="urn:com:soa:ObjectKey"><ObjectKey class="com.soa.contracts.ContractKey">6db8d6ad-ddb0-11e4-bea5-dbead20d92c4:1011</ObjectKey></Node></To></Link><Link type="process->organization:refer"><From><Node type="urn:com:soa:ObjectKey"><ObjectKey class="com.soa.bpel.BpelKey">bpel:d21b1bd9-dcc4-11e4-bea5-dbead20d92c4</ObjectKey></Node></From><To><Node type="urn:com:soa:ObjectKey"><ObjectKey class="com.soa.organization.model.OrganizationKey">uddi:2dafe39a-dcc4-11e4-bea5-dbead20d92c4</ObjectKey></Node></To></Link><Link type="service->container:Hosts"><From><Node type="urn:com:soa:ObjectKey"><ObjectKey class="com.soa.service.model.ServiceKey">uddi:15ff87f7-dcca-11e4-bea5-dbead20d92c4</ObjectKey></Node></From><To><Node type="urn:com:soa:ObjectKey"><ObjectKey class="com.soa.svccontainer.ContainerKey">283b5d7c-b1dc-456d-ad3d-98cb1fc5</ObjectKey></Node></To></Link><Link type="service->operationalpolicy:ReferedBy"><From><Node type="urn:com:soa:ObjectKey"><ObjectKey class="com.soa.service.model.ServiceKey">uddi:15ff87f7-dcca-11e4-bea5-dbead20d92c4</ObjectKey></Node></From><To><Node type="urn:com:soa:ObjectKey"><ObjectKey class="com.soa.policy.config.model.PolicyKey">DetailedAuditing</ObjectKey></Node></To></Link><Link type="process->organization:refer"><From><Node type="urn:com:soa:ObjectKey"><ObjectKey class="com.soa.bpel.BpelKey">bpel:a1c12da5-dcc4-11e4-bea5-dbead20d92c4</ObjectKey></Node></From><To><Node type="urn:com:soa:ObjectKey"><ObjectKey class="com.soa.organization.model.OrganizationKey">uddi:2dafe39a-dcc4-11e4-bea5-dbead20d92c4</ObjectKey></Node></To></Link><Link type="operation->service:parent"><From><Node type="urn:com:soa:ObjectKey"><ObjectKey class="com.soa.service.operation.model.OperationKey">1640889b-dcca-11e4-bea5-dbead20d92c4</ObjectKey></Node></From><To><Node type="urn:com:soa:ObjectKey"><ObjectKey class="com.soa.service.model.ServiceKey">uddi:15ff87f7-dcca-11e4-bea5-dbead20d92c4</ObjectKey></Node></To></Link><Link type="process->organization:refer"><From><Node type="urn:com:soa:ObjectKey"><ObjectKey class="com.soa.bpel.BpelKey">bpel:0527830f-ddb2-11e4-bea5-dbead20d92c4</ObjectKey></Node></From><To><Node type="urn:com:soa:ObjectKey"><ObjectKey class="com.soa.organization.model.OrganizationKey">uddi:2dafe39a-dcc4-11e4-bea5-dbead20d92c4</ObjectKey></Node></To></Link><Link type="identity->service:ReferredBy"><From><Node type="urn:com:soa:ObjectKey"><ObjectKey class="com.soa.security.util.QualifiedUserName">Local Domain\Aqp#jgtiCC4PPAWeGgzwug==</ObjectKey></Node></From><To><Node type="urn:com:soa:ObjectKey"><ObjectKey class="com.soa.service.model.ServiceKey">uddi:15ff87f7-dcca-11e4-bea5-dbead20d92c4</ObjectKey></Node></To></Link><Link type="service->identity:refer"><From><Node type="urn:com:soa:ObjectKey"><ObjectKey class="com.soa.service.model.ServiceKey">uddi:15ff87f7-dcca-11e4-bea5-dbead20d92c4</ObjectKey></Node></From><To><Node type="urn:com:soa:ObjectKey"><ObjectKey class="com.soa.security.util.QualifiedUserName">Local Domain\Aqp#jgtiCC4PPAWeGgzwug==</ObjectKey></Node></To></Link><Link type="service->operation:child"><From><Node type="urn:com:soa:ObjectKey"><ObjectKey class="com.soa.service.model.ServiceKey">uddi:15ff87f7-dcca-11e4-bea5-dbead20d92c4</ObjectKey></Node></From><To><Node type="urn:com:soa:ObjectKey"><ObjectKey class="com.soa.service.operation.model.OperationKey">16414bee-dcca-11e4-bea5-dbead20d92c4</ObjectKey></Node></To></Link><Link type="org->service:child"><From><Node type="urn:com:soa:ObjectKey"><ObjectKey class="com.soa.organization.model.OrganizationKey">uddi:2dafe39a-dcc4-11e4-bea5-dbead20d92c4</ObjectKey></Node></From><To><Node type="urn:com:soa:ObjectKey"><ObjectKey class="com.soa.service.model.ServiceKey">uddi:15ff87f7-dcca-11e4-bea5-dbead20d92c4</ObjectKey></Node></To></Link><Link type="service->bndoperation:child"><From><Node type="urn:com:soa:ObjectKey"><ObjectKey class="com.soa.service.model.ServiceKey">uddi:15ff87f7-dcca-11e4-bea5-dbead20d92c4</ObjectKey></Node></From><To><Node type="urn:com:soa:ObjectKey"><ObjectKey class="com.soa.service.operation.model.BindingOperationQualifiedKey">{http://www.soa.com/dropbox/integration}dropbox_API_Integration$$${http://www.soa.com/trialleads}TrialLeads_API_Binding$$$GET__leads</ObjectKey></Node></To></Link><Link type="organization->process:ReferedBy"><From><Node type="urn:com:soa:ObjectKey"><ObjectKey class="com.soa.organization.model.OrganizationKey">uddi:2dafe39a-dcc4-11e4-bea5-dbead20d92c4</ObjectKey></Node></From><To><Node type="urn:com:soa:ObjectKey"><ObjectKey class="com.soa.bpel.BpelKey">bpel:d21b1bd9-dcc4-11e4-bea5-dbead20d92c4</ObjectKey></Node></To></Link><Link type="organization->process:ReferedBy"><From><Node type="urn:com:soa:ObjectKey"><ObjectKey class="com.soa.organization.model.OrganizationKey">uddi:2dafe39a-dcc4-11e4-bea5-dbead20d92c4</ObjectKey></Node></From><To><Node type="urn:com:soa:ObjectKey"><ObjectKey class="com.soa.bpel.BpelKey">bpel:a1c12da5-dcc4-11e4-bea5-dbead20d92c4</ObjectKey></Node></To></Link><Link type="virtualop->bpel:route"><From><Node type="urn:com:soa:ObjectKey"><ObjectKey class="com.soa.service.operation.model.OperationKey">1640889b-dcca-11e4-bea5-dbead20d92c4</ObjectKey></Node></From><To><Node type="urn:com:soa:ObjectKey"><ObjectKey class="com.soa.bpel.BpelKey">bpel:4893d5d0-dcca-11e4-bea5-dbead20d92c4</ObjectKey></Node></To></Link><Link type="process->process:ReferedBy"><From><Node type="urn:com:soa:ObjectKey"><ObjectKey class="com.soa.bpel.BpelKey">bpel:830cc3e3-dcc4-11e4-bea5-dbead20d92c4</ObjectKey></Node></From><To><Node type="urn:com:soa:ObjectKey"><ObjectKey class="com.soa.bpel.BpelKey">bpel:0527830f-ddb2-11e4-bea5-dbead20d92c4</ObjectKey></Node></To></Link><Link type="binding->interface:ImplementedBy"><From><Node type="urn:com:soa:ObjectKey"><ObjectKey class="com.soa.wsdl.model.impl.WsdlBindingImpl">uddi:3843dedd-8d3e-3f89-0dd3-4983132d1fd0</ObjectKey></Node></From><To><Node type="urn:com:soa:ObjectKey"><ObjectKey class="com.soa.wsdl.model.impl.WsdlInterfaceImpl">uddi:d20279c4-855f-b85a-8e68-a4e710409060</ObjectKey></Node></To></Link><Link type="bpel->virtualop:routedBy"><From><Node type="urn:com:soa:ObjectKey"><ObjectKey class="com.soa.bpel.BpelKey">bpel:4893d5d0-dcca-11e4-bea5-dbead20d92c4</ObjectKey></Node></From><To><Node type="urn:com:soa:ObjectKey"><ObjectKey class="com.soa.service.operation.model.OperationKey">1640889b-dcca-11e4-bea5-dbead20d92c4</ObjectKey></Node></To></Link><Link type="bndoperation->service:parent"><From><Node type="urn:com:soa:ObjectKey"><ObjectKey class="com.soa.service.operation.model.BindingOperationQualifiedKey">{http://www.soa.com/dropbox/integration}dropbox_API_Integration$$${http://www.soa.com/trialleads}TrialLeads_API_Binding$$$POST__leads</ObjectKey></Node></From><To><Node type="urn:com:soa:ObjectKey"><ObjectKey class="com.soa.service.model.ServiceKey">uddi:15ff87f7-dcca-11e4-bea5-dbead20d92c4</ObjectKey></Node></To></Link><Link type="interface->service:implements"><From><Node type="urn:com:soa:ObjectKey"><ObjectKey class="com.soa.wsdl.model.impl.WsdlInterfaceImpl">uddi:d20279c4-855f-b85a-8e68-a4e710409060</ObjectKey></Node></From><To><Node type="urn:com:soa:ObjectKey"><ObjectKey class="com.soa.service.model.ServiceKey">uddi:15ff87f7-dcca-11e4-bea5-dbead20d92c4</ObjectKey></Node></To></Link><Link type="contract->org:parent"><From><Node type="urn:com:soa:ObjectKey"><ObjectKey class="com.soa.contracts.ContractKey">6db8d6ad-ddb0-11e4-bea5-dbead20d92c4:1011</ObjectKey></Node></From><To><Node type="urn:com:soa:ObjectKey"><ObjectKey class="com.soa.organization.model.OrganizationKey">uddi:2dafe39a-dcc4-11e4-bea5-dbead20d92c4</ObjectKey></Node></To></Link><Link type="process->process:refer"><From><Node type="urn:com:soa:ObjectKey"><ObjectKey class="com.soa.bpel.BpelKey">bpel:4893d5d0-dcca-11e4-bea5-dbead20d92c4</ObjectKey></Node></From><To><Node type="urn:com:soa:ObjectKey"><ObjectKey class="com.soa.bpel.BpelKey">bpel:0527830f-ddb2-11e4-bea5-dbead20d92c4</ObjectKey></Node></To></Link><Link type="process->organization:refer"><From><Node type="urn:com:soa:ObjectKey"><ObjectKey class="com.soa.bpel.BpelKey">bpel:e0acf7ae-dcc4-11e4-bea5-dbead20d92c4</ObjectKey></Node></From><To><Node type="urn:com:soa:ObjectKey"><ObjectKey class="com.soa.organization.model.OrganizationKey">uddi:2dafe39a-dcc4-11e4-bea5-dbead20d92c4</ObjectKey></Node></To></Link><Link type="service->org:parent"><From><Node type="urn:com:soa:ObjectKey"><ObjectKey class="com.soa.service.model.ServiceKey">uddi:15ff87f7-dcca-11e4-bea5-dbead20d92c4</ObjectKey></Node></From><To><Node type="urn:com:soa:ObjectKey"><ObjectKey class="com.soa.organization.model.OrganizationKey">uddi:2dafe39a-dcc4-11e4-bea5-dbead20d92c4</ObjectKey></Node></To></Link><Link type="process->process:refer"><From><Node type="urn:com:soa:ObjectKey"><ObjectKey class="com.soa.bpel.BpelKey">bpel:e0acf7ae-dcc4-11e4-bea5-dbead20d92c4</ObjectKey></Node></From><To><Node type="urn:com:soa:ObjectKey"><ObjectKey class="com.soa.bpel.BpelKey">bpel:d21b1bd9-dcc4-11e4-bea5-dbead20d92c4</ObjectKey></Node></To></Link><Link type="process->process:ReferedBy"><From><Node type="urn:com:soa:ObjectKey"><ObjectKey class="com.soa.bpel.BpelKey">bpel:e0acf7ae-dcc4-11e4-bea5-dbead20d92c4</ObjectKey></Node></From><To><Node type="urn:com:soa:ObjectKey"><ObjectKey class="com.soa.bpel.BpelKey">bpel:0527830f-ddb2-11e4-bea5-dbead20d92c4</ObjectKey></Node></To></Link><Link type="process->process:refer"><From><Node type="urn:com:soa:ObjectKey"><ObjectKey class="com.soa.bpel.BpelKey">bpel:830cc3e3-dcc4-11e4-bea5-dbead20d92c4</ObjectKey></Node></From><To><Node type="urn:com:soa:ObjectKey"><ObjectKey class="com.soa.bpel.BpelKey">bpel:a1c12da5-dcc4-11e4-bea5-dbead20d92c4</ObjectKey></Node></To></Link><Link type="binding->service:implements"><From><Node type="urn:com:soa:ObjectKey"><ObjectKey class="com.soa.wsdl.model.impl.WsdlBindingImpl">uddi:3843dedd-8d3e-3f89-0dd3-4983132d1fd0</ObjectKey></Node></From><To><Node type="urn:com:soa:ObjectKey"><ObjectKey class="com.soa.service.model.ServiceKey">uddi:15ff87f7-dcca-11e4-bea5-dbead20d92c4</ObjectKey></Node></To></Link><Link type="interface->binding:implements"><From><Node type="urn:com:soa:ObjectKey"><ObjectKey class="com.soa.wsdl.model.impl.WsdlInterfaceImpl">uddi:d20279c4-855f-b85a-8e68-a4e710409060</ObjectKey></Node></From><To><Node type="urn:com:soa:ObjectKey"><ObjectKey class="com.soa.wsdl.model.impl.WsdlBindingImpl">uddi:3843dedd-8d3e-3f89-0dd3-4983132d1fd0</ObjectKey></Node></To></Link><Link type="process->organization:refer"><From><Node type="urn:com:soa:ObjectKey"><ObjectKey class="com.soa.bpel.BpelKey">bpel:830cc3e3-dcc4-11e4-bea5-dbead20d92c4</ObjectKey></Node></From><To><Node type="urn:com:soa:ObjectKey"><ObjectKey class="com.soa.organization.model.OrganizationKey">uddi:2dafe39a-dcc4-11e4-bea5-dbead20d92c4</ObjectKey></Node></To></Link><Link type="org->contract:child"><From><Node type="urn:com:soa:ObjectKey"><ObjectKey class="com.soa.organization.model.OrganizationKey">uddi:2dafe39a-dcc4-11e4-bea5-dbead20d92c4</ObjectKey></Node></From><To><Node type="urn:com:soa:ObjectKey"><ObjectKey class="com.soa.contracts.ContractKey">6db8d6ad-ddb0-11e4-bea5-dbead20d92c4:1011</ObjectKey></Node></To></Link><Link type="service->operation:child"><From><Node type="urn:com:soa:ObjectKey"><ObjectKey class="com.soa.service.model.ServiceKey">uddi:15ff87f7-dcca-11e4-bea5-dbead20d92c4</ObjectKey></Node></From><To><Node type="urn:com:soa:ObjectKey"><ObjectKey class="com.soa.service.operation.model.OperationKey">1640889b-dcca-11e4-bea5-dbead20d92c4</ObjectKey></Node></To></Link><Link type="process->process:ReferedBy"><From><Node type="urn:com:soa:ObjectKey"><ObjectKey class="com.soa.bpel.BpelKey">bpel:d21b1bd9-dcc4-11e4-bea5-dbead20d92c4</ObjectKey></Node></From><To><Node type="urn:com:soa:ObjectKey"><ObjectKey class="com.soa.bpel.BpelKey">bpel:e0acf7ae-dcc4-11e4-bea5-dbead20d92c4</ObjectKey></Node></To></Link><Link type="process->process:ReferedBy"><From><Node type="urn:com:soa:ObjectKey"><ObjectKey class="com.soa.bpel.BpelKey">bpel:0527830f-ddb2-11e4-bea5-dbead20d92c4</ObjectKey></Node></From><To><Node type="urn:com:soa:ObjectKey"><ObjectKey class="com.soa.bpel.BpelKey">bpel:4893d5d0-dcca-11e4-bea5-dbead20d92c4</ObjectKey></Node></To></Link><Link type="contract->org:ReferredBy"><From><Node type="urn:com:soa:ObjectKey"><ObjectKey class="com.soa.contracts.ContractKey">6db8d6ad-ddb0-11e4-bea5-dbead20d92c4:1011</ObjectKey></Node></From><To><Node type="urn:com:soa:ObjectKey"><ObjectKey class="com.soa.organization.model.OrganizationKey">uddi:2dafe39a-dcc4-11e4-bea5-dbead20d92c4</ObjectKey></Node></To></Link><Link type="operation->service:parent"><From><Node type="urn:com:soa:ObjectKey"><ObjectKey class="com.soa.service.operation.model.OperationKey">16414bee-dcca-11e4-bea5-dbead20d92c4</ObjectKey></Node></From><To><Node type="urn:com:soa:ObjectKey"><ObjectKey class="com.soa.service.model.ServiceKey">uddi:15ff87f7-dcca-11e4-bea5-dbead20d92c4</ObjectKey></Node></To></Link><Link type="operationalpolicy->service:refer"><From><Node type="urn:com:soa:ObjectKey"><ObjectKey class="com.soa.policy.config.model.PolicyKey">DetailedAuditing</ObjectKey></Node></From><To><Node type="urn:com:soa:ObjectKey"><ObjectKey class="com.soa.service.model.ServiceKey">uddi:15ff87f7-dcca-11e4-bea5-dbead20d92c4</ObjectKey></Node></To></Link><Link type="endpoint->service:parent"><From><Node type="urn:com:soa:ObjectKey"><ObjectKey class="com.soa.service.endpoint.EndpointKey">uddi:1680ed02-dcca-11e4-bea5-dbead20d92c4</ObjectKey></Node></From><To><Node type="urn:com:soa:ObjectKey"><ObjectKey class="com.soa.service.model.ServiceKey">uddi:15ff87f7-dcca-11e4-bea5-dbead20d92c4</ObjectKey></Node></To></Link><Link type="process->process:refer"><From><Node type="urn:com:soa:ObjectKey"><ObjectKey class="com.soa.bpel.BpelKey">bpel:0527830f-ddb2-11e4-bea5-dbead20d92c4</ObjectKey></Node></From><To><Node type="urn:com:soa:ObjectKey"><ObjectKey class="com.soa.bpel.BpelKey">bpel:830cc3e3-dcc4-11e4-bea5-dbead20d92c4</ObjectKey></Node></To></Link><Link type="service->endpoint:child"><From><Node type="urn:com:soa:ObjectKey"><ObjectKey class="com.soa.service.model.ServiceKey">uddi:15ff87f7-dcca-11e4-bea5-dbead20d92c4</ObjectKey></Node></From><To><Node type="urn:com:soa:ObjectKey"><ObjectKey class="com.soa.service.endpoint.EndpointKey">uddi:1680ed02-dcca-11e4-bea5-dbead20d92c4</ObjectKey></Node></To></Link><Link type="organization->process:ReferedBy"><From><Node type="urn:com:soa:ObjectKey"><ObjectKey class="com.soa.organization.model.OrganizationKey">uddi:2dafe39a-dcc4-11e4-bea5-dbead20d92c4</ObjectKey></Node></From><To><Node type="urn:com:soa:ObjectKey"><ObjectKey class="com.soa.bpel.BpelKey">bpel:e0acf7ae-dcc4-11e4-bea5-dbead20d92c4</ObjectKey></Node></To></Link><Link type="container->service:HostedBy"><From><Node type="urn:com:soa:ObjectKey"><ObjectKey class="com.soa.svccontainer.ContainerKey">283b5d7c-b1dc-456d-ad3d-98cb1fc5</ObjectKey></Node></From><To><Node type="urn:com:soa:ObjectKey"><ObjectKey class="com.soa.service.model.ServiceKey">uddi:15ff87f7-dcca-11e4-bea5-dbead20d92c4</ObjectKey></Node></To></Link><Link type="process->process:ReferedBy"><From><Node type="urn:com:soa:ObjectKey"><ObjectKey class="com.soa.bpel.BpelKey">bpel:a1c12da5-dcc4-11e4-bea5-dbead20d92c4</ObjectKey></Node></From><To><Node type="urn:com:soa:ObjectKey"><ObjectKey class="com.soa.bpel.BpelKey">bpel:830cc3e3-dcc4-11e4-bea5-dbead20d92c4</ObjectKey></Node></To></Link><Link type="process->process:refer"><From><Node type="urn:com:soa:ObjectKey"><ObjectKey class="com.soa.bpel.BpelKey">bpel:0527830f-ddb2-11e4-bea5-dbead20d92c4</ObjectKey></Node></From><To><Node type="urn:com:soa:ObjectKey"><ObjectKey class="com.soa.bpel.BpelKey">bpel:e0acf7ae-dcc4-11e4-bea5-dbead20d92c4</ObjectKey></Node></To></Link><Link type="service->bndoperation:child"><From><Node type="urn:com:soa:ObjectKey"><ObjectKey class="com.soa.service.model.ServiceKey">uddi:15ff87f7-dcca-11e4-bea5-dbead20d92c4</ObjectKey></Node></From><To><Node type="urn:com:soa:ObjectKey"><ObjectKey class="com.soa.service.operation.model.BindingOperationQualifiedKey">{http://www.soa.com/dropbox/integration}dropbox_API_Integration$$${http://www.soa.com/trialleads}TrialLeads_API_Binding$$$POST__leads</ObjectKey></Node></To></Link><Link type="organization->process:ReferedBy"><From><Node type="urn:com:soa:ObjectKey"><ObjectKey class="com.soa.organization.model.OrganizationKey">uddi:2dafe39a-dcc4-11e4-bea5-dbead20d92c4</ObjectKey></Node></From><To><Node type="urn:com:soa:ObjectKey"><ObjectKey class="com.soa.bpel.BpelKey">bpel:830cc3e3-dcc4-11e4-bea5-dbead20d92c4</ObjectKey></Node></To></Link></Links></DepedendencyGraph>