<?xml version="1.0" encoding="UTF-8"?>
<ns2:ExportConfiguration xmlns:ns1="http://digev.com/uri/products/Types/xsd/1.0" xmlns:ns10="http://soa.com/uri/products/IdentityAuthorization/xsd/1.0" xmlns:ns11="http://soa.com/uri/products/Policy/xsd/1.0" xmlns:ns12="http://digev.com/uri/products/AlertManager/xsd/1.0" xmlns:ns13="http://soa.com/uri/products/Contracts/xsd/1.0" xmlns:ns14="http://digev.com/uri/products/PolicyManager/xsd/1.0" xmlns:ns15="urn:uddi-org:sub_v3" xmlns:ns2="http://www.soa.com/uri/products/ServiceManagerMigration/xsd/1.0" xmlns:ns3="http://digev.com/uri/products/ManagementServer/xsd/1.0" xmlns:ns4="http://www.soa.com/uri/products/SLAPolicy/xsd/1.0" xmlns:ns5="urn:uddi-org:api_v3" xmlns:ns6="http://www.w3.org/2000/09/xmldsig#" xmlns:ns7="http://soa.com/uri/products/ServiceProperties/1.0" xmlns:ns8="http://soa.com/uri/products/ServiceEndpointProperties/1.0" xmlns:ns9="http://soa.com/uri/products/Organization/xsd/1.0"><ns2:SourceOrganization><ns1:Key>uddi:soa.com:registryorganization</ns1:Key></ns2:SourceOrganization><ns2:ExportObjectConfiguration><ns1:OrganizationKey><ns1:Key>uddi:2dafe39a-dcc4-11e4-bea5-dbead20d92c4</ns1:Key></ns1:OrganizationKey><ns2:ExportOrganization><ns9:Organization><ns9:OrganizationKey><ns1:Key>uddi:2dafe39a-dcc4-11e4-bea5-dbead20d92c4</ns1:Key></ns9:OrganizationKey><ns9:ParentKey><ns1:Key>uddi:soa.com:registryorganization</ns1:Key></ns9:ParentKey><ns9:Name>Dropbox API Integration</ns9:Name><ns9:Description></ns9:Description><ns9:OrganizationType>Project</ns9:OrganizationType></ns9:Organization><ns5:businessEntity businessKey="uddi:2dafe39a-dcc4-11e4-bea5-dbead20d92c4"><ns5:name>Dropbox API Integration</ns5:name><ns5:categoryBag><ns5:keyedReferenceGroup tModelKey="uddi:soa.com:organization:group"><ns5:keyedReference keyName="Organization type" keyValue="Project" tModelKey="uddi:soa.com:categorization:organizationtype"/></ns5:keyedReferenceGroup></ns5:categoryBag></ns5:businessEntity></ns2:ExportOrganization></ns2:ExportObjectConfiguration><ns2:ExportObjectConfiguration><ns1:BpelKey><ns1:Key>bpel:0527830f-ddb2-11e4-bea5-dbead20d92c4</ns1:Key></ns1:BpelKey><ns2:ExportBpel><ns2:BpelUri>bpels/bpel_0527830f-ddb2-11e4-bea5-dbead20d92c4.xml</ns2:BpelUri></ns2:ExportBpel></ns2:ExportObjectConfiguration><ns2:ExportObjectConfiguration><ns1:BpelKey><ns1:Key>bpel:4893d5d0-dcca-11e4-bea5-dbead20d92c4</ns1:Key></ns1:BpelKey><ns2:ExportBpel><ns2:BpelUri>bpels/bpel_4893d5d0-dcca-11e4-bea5-dbead20d92c4.xml</ns2:BpelUri></ns2:ExportBpel></ns2:ExportObjectConfiguration><ns2:ExportObjectConfiguration><ns1:BpelKey><ns1:Key>bpel:e0acf7ae-dcc4-11e4-bea5-dbead20d92c4</ns1:Key></ns1:BpelKey><ns2:ExportBpel><ns2:BpelUri>bpels/bpel_e0acf7ae-dcc4-11e4-bea5-dbead20d92c4.xml</ns2:BpelUri></ns2:ExportBpel></ns2:ExportObjectConfiguration><ns2:ExportObjectConfiguration><ns1:BpelKey><ns1:Key>bpel:830cc3e3-dcc4-11e4-bea5-dbead20d92c4</ns1:Key></ns1:BpelKey><ns2:ExportBpel><ns2:BpelUri>bpels/bpel_830cc3e3-dcc4-11e4-bea5-dbead20d92c4.xml</ns2:BpelUri></ns2:ExportBpel></ns2:ExportObjectConfiguration><ns2:ExportObjectConfiguration><ns1:BpelKey><ns1:Key>bpel:a1c12da5-dcc4-11e4-bea5-dbead20d92c4</ns1:Key></ns1:BpelKey><ns2:ExportBpel><ns2:BpelUri>bpels/bpel_a1c12da5-dcc4-11e4-bea5-dbead20d92c4.xml</ns2:BpelUri></ns2:ExportBpel></ns2:ExportObjectConfiguration><ns2:ExportObjectConfiguration><ns1:BpelKey><ns1:Key>bpel:d21b1bd9-dcc4-11e4-bea5-dbead20d92c4</ns1:Key></ns1:BpelKey><ns2:ExportBpel><ns2:BpelUri>bpels/bpel_d21b1bd9-dcc4-11e4-bea5-dbead20d92c4.xml</ns2:BpelUri></ns2:ExportBpel></ns2:ExportObjectConfiguration><ns2:ExportObjectConfiguration><ns1:InterfaceKey><ns1:Key>uddi:d20279c4-855f-b85a-8e68-a4e710409060</ns1:Key><ns1:InterfaceQName>{http://www.soa.com/trialleads}TrialLeads_API_PortType</ns1:InterfaceQName></ns1:InterfaceKey><ns2:ExportInterface><ns5:tModel deleted="false" tModelKey="uddi:d20279c4-855f-b85a-8e68-a4e710409060"><ns5:name>TrialLeads_API_PortType</ns5:name><ns5:categoryBag><ns5:keyedReference keyName="WSDL type" keyValue="portType" tModelKey="uddi:uddi.org:wsdl:types"/><ns5:keyedReference keyName="portType namespace" keyValue="http://www.soa.com/trialleads" tModelKey="uddi:uddi.org:xml:namespace"/></ns5:categoryBag></ns5:tModel><ns2:InterfaceWsdlUri>wsdls/uddi_d20279c4-855f-b85a-8e68-a4e710409060.wsdl</ns2:InterfaceWsdlUri></ns2:ExportInterface></ns2:ExportObjectConfiguration><ns2:ExportObjectConfiguration><ns1:BindingKey><ns1:Key>uddi:3843dedd-8d3e-3f89-0dd3-4983132d1fd0</ns1:Key><ns1:BindingQName>{http://www.soa.com/trialleads}TrialLeads_API_Binding</ns1:BindingQName><ns1:BindingType>binding.http</ns1:BindingType></ns1:BindingKey><ns2:ExportBinding><ns5:tModel deleted="false" tModelKey="uddi:3843dedd-8d3e-3f89-0dd3-4983132d1fd0"><ns5:name>TrialLeads_API_Binding</ns5:name><ns5:categoryBag><ns5:keyedReference keyName="uddi-org:types" keyValue="wsdlSpec" tModelKey="uddi:uddi.org:categorization:types"/><ns5:keyedReference keyName="portType Reference" keyValue="uddi:d20279c4-855f-b85a-8e68-a4e710409060" tModelKey="uddi:uddi.org:wsdl:porttypereference"/><ns5:keyedReference keyName="WSDL type" keyValue="binding" tModelKey="uddi:uddi.org:wsdl:types"/><ns5:keyedReference keyName="binding namespace" keyValue="http://www.soa.com/trialleads" tModelKey="uddi:uddi.org:xml:namespace"/></ns5:categoryBag></ns5:tModel><ns2:BindingWsdlUri>wsdls/uddi_3843dedd-8d3e-3f89-0dd3-4983132d1fd0.wsdl</ns2:BindingWsdlUri></ns2:ExportBinding></ns2:ExportObjectConfiguration><ns2:ExportObjectConfiguration><ns1:ServiceKey><ns1:Key>uddi:15ff87f7-dcca-11e4-bea5-dbead20d92c4</ns1:Key><ns1:ServiceQName>{http://www.soa.com/dropbox/integration}dropbox_API_Integration</ns1:ServiceQName></ns1:ServiceKey><ns2:ExportService><ns3:VirtualService BusinessKey="uddi:2dafe39a-dcc4-11e4-bea5-dbead20d92c4" ServiceKey="uddi:15ff87f7-dcca-11e4-bea5-dbead20d92c4" WsdlServiceLocalName="dropbox_API_Integration" WsdlTargetNamespaceUrl="http://www.soa.com/dropbox/integration"><ns3:Name>Dropbox_API_Integration</ns3:Name><ns3:Description></ns3:Description><ns3:Operations><ns3:LogicalOperation InterfaceName="{http://www.soa.com/trialleads}TrialLeads_API_PortType" ManagementState="Enabled" NumOfVirtualizedOperations="0" OperationKey="16414bee-dcca-11e4-bea5-dbead20d92c4" OperationLastUpdatedAt="2015-04-20T01:14:06.027Z" OperationName="GET /leads" PolicyAvailable="true" ServiceKey="uddi:15ff87f7-dcca-11e4-bea5-dbead20d92c4" WsdlOperationName="GET__leads"/><ns3:LogicalOperation InterfaceName="{http://www.soa.com/trialleads}TrialLeads_API_PortType" ManagementState="Enabled" NextHopOperationKey="uddi:128767cd-d6a1-11e4-9a5e-8f28bc3f91d0$$${https://api.dropbox.com/1}Dropbox_Core_API_PortType$$$POST__fileops_delete" NextHopOperationName="POST /sobjects/Lead" NextHopServiceKey="uddi:6fc3b770-e6f9-11e4-94bf-b0d1b8a1a875" NextHopServiceName="SalesforceV20_API_vs0" NumOfVirtualizedOperations="0" OperationKey="1640889b-dcca-11e4-bea5-dbead20d92c4" OperationLastUpdatedAt="2015-04-20T01:14:06.027Z" OperationName="POST /leads" PolicyAvailable="true" ServiceKey="uddi:15ff87f7-dcca-11e4-bea5-dbead20d92c4" WsdlOperationName="POST__leads"><ns3:NextHopOperation InterfaceName="{https://na4.salesforce.com/services/data/v20.0/}SalesforceV20_API_PortType" OperationKey="7013d34b-e6f9-11e4-94bf-b0d1b8a1a875" OperationLastUpdatedAt="2015-04-20T01:06:42.037Z" OperationName="POST /sobjects/Lead" ServiceKey="uddi:6fc3b770-e6f9-11e4-94bf-b0d1b8a1a875" ServiceName="SalesforceV20_API_vs0" WsdlOperationName="POST__sobjects_Lead"/></ns3:LogicalOperation></ns3:Operations></ns3:VirtualService><ns5:businessService businessKey="uddi:2dafe39a-dcc4-11e4-bea5-dbead20d92c4" serviceKey="uddi:15ff87f7-dcca-11e4-bea5-dbead20d92c4"><ns5:name>Dropbox_API_Integration</ns5:name><ns5:bindingTemplates><ns5:bindingTemplate bindingKey="uddi:1680ed02-dcca-11e4-bea5-dbead20d92c4" serviceKey="uddi:15ff87f7-dcca-11e4-bea5-dbead20d92c4"><ns5:accessPoint useType="endPoint">http://localhost:9905/dropbox_int</ns5:accessPoint><ns5:tModelInstanceDetails><ns5:tModelInstanceInfo tModelKey="uddi:3843dedd-8d3e-3f89-0dd3-4983132d1fd0"><ns5:description>The wsdl:binding that this wsdl:port implements. The instanceParms specifies the port local name.</ns5:description><ns5:instanceDetails><ns5:instanceParms>HTTP</ns5:instanceParms></ns5:instanceDetails></ns5:tModelInstanceInfo><ns5:tModelInstanceInfo tModelKey="uddi:d20279c4-855f-b85a-8e68-a4e710409060"><ns5:description>The wsdl:portType that this wsdl:port implements.</ns5:description></ns5:tModelInstanceInfo></ns5:tModelInstanceDetails><ns5:categoryBag><ns5:keyedReference keyName="WSDL type" keyValue="port" tModelKey="uddi:uddi.org:wsdl:types"/><ns5:keyedReferenceGroup tModelKey="uddi:soa.com:serviceendpoint:group"><ns5:keyedReference keyName="containerKey" keyValue="283b5d7c-b1dc-456d-ad3d-98cb1fc5" tModelKey="uddi:soa.com:serviceendpoint:containername"/><ns5:keyedReference keyName="listenerName" keyValue="default-http0" tModelKey="uddi:soa.com:serviceendpoint:listenername"/></ns5:keyedReferenceGroup></ns5:categoryBag></ns5:bindingTemplate></ns5:bindingTemplates><ns5:categoryBag><ns5:keyedReference keyName="Virtual Service" keyValue="Virtual Service" tModelKey="uddi:digev.com:categorization:services"/><ns5:keyedReference keyName="Design" keyValue="Design" tModelKey="uddi:soa.com:servicelifecyclestage"/><ns5:keyedReference keyName="WSDL type" keyValue="service" tModelKey="uddi:uddi.org:wsdl:types"/><ns5:keyedReference keyName="service namespace" keyValue="http://www.soa.com/dropbox/integration" tModelKey="uddi:uddi.org:xml:namespace"/><ns5:keyedReference keyName="service local name" keyValue="dropbox_API_Integration" tModelKey="uddi:uddi.org:xml:localname"/><ns5:keyedReference keyName="Managed Service" keyValue="Managed Service" tModelKey="uddi:digev.com:categorization:services"/><ns5:keyedReferenceGroup tModelKey="uddi:soa.com:service:group"/></ns5:categoryBag></ns5:businessService><ns2:ExportServiceEndpoint><ns8:ServiceEndpoint><ns8:ServiceKey>uddi:15ff87f7-dcca-11e4-bea5-dbead20d92c4</ns8:ServiceKey><ns8:Name>uddi:1680ed02-dcca-11e4-bea5-dbead20d92c4</ns8:Name><ns8:Url>http://localhost:9905/dropbox_int</ns8:Url><ns8:BindingQName>{http://www.soa.com/trialleads}TrialLeads_API_Binding</ns8:BindingQName><ns8:PortName>HTTP</ns8:PortName><ns8:Protocol>http</ns8:Protocol><ns8:ContainerKey>283b5d7c-b1dc-456d-ad3d-98cb1fc5</ns8:ContainerKey><ns8:ListenerName>default-http0</ns8:ListenerName></ns8:ServiceEndpoint><ns2:EndpointWsdlUri>wsdls/uddi_1680ed02-dcca-11e4-bea5-dbead20d92c4.wsdl</ns2:EndpointWsdlUri></ns2:ExportServiceEndpoint><ns2:BpelUri>services/uddi_15ff87f7-dcca-11e4-bea5-dbead20d92c4/bpel.xml</ns2:BpelUri><ns2:ManagementUri>services/uddi_15ff87f7-dcca-11e4-bea5-dbead20d92c4/management.xml</ns2:ManagementUri></ns2:ExportService></ns2:ExportObjectConfiguration><ns2:ExportObjectConfiguration><ns1:ContractKey><ns1:Key>6db8d6ad-ddb0-11e4-bea5-dbead20d92c4</ns1:Key></ns1:ContractKey><ns2:ExportContract><ns13:Contract><ns13:ContractInfo Anonymous="true" Key="6db8d6ad-ddb0-11e4-bea5-dbead20d92c4:1011" Name="Anonymous" State="Active"><ns13:Description></ns13:Description><ns13:ProviderOrganizationKey>uddi:2dafe39a-dcc4-11e4-bea5-dbead20d92c4</ns13:ProviderOrganizationKey><ns1:EffectiveDateTimes><ns1:StartDateTime><ns1:DateTime>2015-04-08T05:30:00Z</ns1:DateTime><ns1:TimezoneName>UTC</ns1:TimezoneName></ns1:StartDateTime><ns1:EndDateTime><ns1:DateTime>2016-04-07T05:30:00Z</ns1:DateTime><ns1:TimezoneName>UTC</ns1:TimezoneName></ns1:EndDateTime><ns1:Expire>false</ns1:Expire></ns1:EffectiveDateTimes><ns13:ContractVersionInfo><ns13:LastModifiedTimestamp>2015-04-08Z</ns13:LastModifiedTimestamp><ns13:User>Local Domain\administrator</ns13:User><ns13:MetadataVersion>1</ns13:MetadataVersion><ns13:ActiveMetadataVersion>1</ns13:ActiveMetadataVersion></ns13:ContractVersionInfo><ns13:ContractType>service.contract</ns13:ContractType></ns13:ContractInfo><ns13:ContractScope><ns1:OrganizationKey>uddi:2dafe39a-dcc4-11e4-bea5-dbead20d92c4</ns1:OrganizationKey></ns13:ContractScope></ns13:Contract></ns2:ExportContract></ns2:ExportObjectConfiguration><ns2:ExportObjectConfiguration><ns1:IdentityKey><ns1:Key>Local Domain\Aqp#jgtiCC4PPAWeGgzwug==</ns1:Key><ns1:DomainName>Local Domain</ns1:DomainName><ns1:UserName>Aqp#jgtiCC4PPAWeGgzwug==</ns1:UserName></ns1:IdentityKey><ns2:ExportUserIdentity><ns14:User DomainName="Local Domain" UserName="Aqp#jgtiCC4PPAWeGgzwug=="><ns14:FullName>Service: uddi:15ff87f7-dcca-11e4-bea5-dbead20d92c4</ns14:FullName><ns14:IdentityKey>urn:uuid:1603a6a8-dcca-11e4-bea5-dbead20d92c4</ns14:IdentityKey><ns14:Password>ls2KnsLyCEcVDVSn/+Xa9kf572vO/D7s0HpjNIN8zZHpWmh5S0W2kzCWkzBcY2aYhDuRkJgOTxirXd+BeilYLQ==</ns14:Password><ns14:Disabled>false</ns14:Disabled><ns14:ForcePwdResetOnNextLogin>false</ns14:ForcePwdResetOnNextLogin><ns14:Expired>false</ns14:Expired><ns14:ReadOnly>true</ns14:ReadOnly><ns14:PasswordFrmSeed>0</ns14:PasswordFrmSeed><ns14:OrganizationKey>uddi:soa.com:registryorganization</ns14:OrganizationKey><ns14:PasswordSalt>cOfsfj5qPPvpYkLCxDa13TpPTbwbhCX9FYn564myL+X39SlajyF5yZETWubU6PcxtPTvvxgK9IgkE4iCbmIJMQ==</ns14:PasswordSalt></ns14:User><ns2:PKIGenerated>true</ns2:PKIGenerated></ns2:ExportUserIdentity></ns2:ExportObjectConfiguration></ns2:ExportConfiguration>