<?xml version="1.0" encoding="UTF-8"?>
<ns8:ExportConfiguration xmlns="http://digev.com/uri/products/ManagementServer/xsd/1.0" xmlns:ns10="http://soa.com/uri/products/Organization/xsd/1.0" xmlns:ns11="http://soa.com/uri/products/IdentityAuthorization/xsd/1.0" xmlns:ns12="http://digev.com/uri/products/AlertManager/xsd/1.0" xmlns:ns13="http://soa.com/uri/products/Policy/xsd/1.0" xmlns:ns14="http://soa.com/uri/products/Contracts/xsd/1.0" xmlns:ns15="http://digev.com/uri/products/PolicyManager/xsd/1.0" xmlns:ns2="http://digev.com/uri/products/Types/xsd/1.0" xmlns:ns3="http://www.soa.com/uri/products/SLAPolicy/xsd/1.0" xmlns:ns4="urn:uddi-org:api_v3" xmlns:ns5="http://www.w3.org/2000/09/xmldsig#" xmlns:ns6="http://soa.com/uri/products/ServiceProperties/1.0" xmlns:ns7="http://soa.com/uri/products/ServiceEndpointProperties/1.0" xmlns:ns8="http://www.soa.com/uri/products/ServiceManagerMigration/xsd/1.0" xmlns:ns9="urn:uddi-org:sub_v3"><ns8:SourceOrganization><ns2:Key>uddi:soa.com:registryorganization</ns2:Key></ns8:SourceOrganization><ns8:ExportObjectConfiguration><ns2:OrganizationKey><ns2:Key>uddi:2dafe39a-dcc4-11e4-bea5-dbead20d92c4</ns2:Key></ns2:OrganizationKey><ns8:ExportOrganization><ns10:Organization><ns10:OrganizationKey><ns2:Key>uddi:2dafe39a-dcc4-11e4-bea5-dbead20d92c4</ns2:Key></ns10:OrganizationKey><ns10:ParentKey><ns2:Key>uddi:soa.com:registryorganization</ns2:Key></ns10:ParentKey><ns10:Name>Dropbox API Integration</ns10:Name><ns10:Description></ns10:Description><ns10:OrganizationType>Project</ns10:OrganizationType></ns10:Organization><ns4:businessEntity businessKey="uddi:2dafe39a-dcc4-11e4-bea5-dbead20d92c4"><ns4:name>Dropbox API Integration</ns4:name><ns4:categoryBag><ns4:keyedReferenceGroup tModelKey="uddi:soa.com:organization:group"><ns4:keyedReference keyName="Organization type" keyValue="Project" tModelKey="uddi:soa.com:categorization:organizationtype"/></ns4:keyedReferenceGroup></ns4:categoryBag></ns4:businessEntity></ns8:ExportOrganization></ns8:ExportObjectConfiguration><ns8:ExportObjectConfiguration><ns2:BpelKey><ns2:Key>bpel:0527830f-ddb2-11e4-bea5-dbead20d92c4</ns2:Key></ns2:BpelKey><ns8:ExportBpel><ns8:BpelUri>bpels/bpel_0527830f-ddb2-11e4-bea5-dbead20d92c4.xml</ns8:BpelUri></ns8:ExportBpel></ns8:ExportObjectConfiguration><ns8:ExportObjectConfiguration><ns2:BpelKey><ns2:Key>bpel:a1c12da5-dcc4-11e4-bea5-dbead20d92c4</ns2:Key></ns2:BpelKey><ns8:ExportBpel><ns8:BpelUri>bpels/bpel_a1c12da5-dcc4-11e4-bea5-dbead20d92c4.xml</ns8:BpelUri></ns8:ExportBpel></ns8:ExportObjectConfiguration><ns8:ExportObjectConfiguration><ns2:BpelKey><ns2:Key>bpel:d21b1bd9-dcc4-11e4-bea5-dbead20d92c4</ns2:Key></ns2:BpelKey><ns8:ExportBpel><ns8:BpelUri>bpels/bpel_d21b1bd9-dcc4-11e4-bea5-dbead20d92c4.xml</ns8:BpelUri></ns8:ExportBpel></ns8:ExportObjectConfiguration><ns8:ExportObjectConfiguration><ns2:BpelKey><ns2:Key>bpel:4893d5d0-dcca-11e4-bea5-dbead20d92c4</ns2:Key></ns2:BpelKey><ns8:ExportBpel><ns8:BpelUri>bpels/bpel_4893d5d0-dcca-11e4-bea5-dbead20d92c4.xml</ns8:BpelUri></ns8:ExportBpel></ns8:ExportObjectConfiguration><ns8:ExportObjectConfiguration><ns2:BpelKey><ns2:Key>bpel:e0acf7ae-dcc4-11e4-bea5-dbead20d92c4</ns2:Key></ns2:BpelKey><ns8:ExportBpel><ns8:BpelUri>bpels/bpel_e0acf7ae-dcc4-11e4-bea5-dbead20d92c4.xml</ns8:BpelUri></ns8:ExportBpel></ns8:ExportObjectConfiguration><ns8:ExportObjectConfiguration><ns2:BpelKey><ns2:Key>bpel:830cc3e3-dcc4-11e4-bea5-dbead20d92c4</ns2:Key></ns2:BpelKey><ns8:ExportBpel><ns8:BpelUri>bpels/bpel_830cc3e3-dcc4-11e4-bea5-dbead20d92c4.xml</ns8:BpelUri></ns8:ExportBpel></ns8:ExportObjectConfiguration><ns8:ExportObjectConfiguration><ns2:InterfaceKey><ns2:Key>uddi:2efde530-cd3d-3bf4-8035-f4eef7bdb6ee</ns2:Key><ns2:InterfaceQName>{https://login.salesforce.com/services/oauth2}SalesforceAuthentication_PortType</ns2:InterfaceQName></ns2:InterfaceKey><ns8:ExportInterface><ns4:tModel deleted="false" tModelKey="uddi:2efde530-cd3d-3bf4-8035-f4eef7bdb6ee"><ns4:name>SalesforceAuthentication_PortType</ns4:name><ns4:categoryBag><ns4:keyedReference keyName="WSDL type" keyValue="portType" tModelKey="uddi:uddi.org:wsdl:types"/><ns4:keyedReference keyName="portType namespace" keyValue="https://login.salesforce.com/services/oauth2" tModelKey="uddi:uddi.org:xml:namespace"/></ns4:categoryBag></ns4:tModel><ns8:InterfaceWsdlUri>wsdls/uddi_2efde530-cd3d-3bf4-8035-f4eef7bdb6ee.wsdl</ns8:InterfaceWsdlUri></ns8:ExportInterface></ns8:ExportObjectConfiguration><ns8:ExportObjectConfiguration><ns2:InterfaceKey><ns2:Key>uddi:d20279c4-855f-b85a-8e68-a4e710409060</ns2:Key><ns2:InterfaceQName>{http://www.soa.com/trialleads}TrialLeads_API_PortType</ns2:InterfaceQName></ns2:InterfaceKey><ns8:ExportInterface><ns4:tModel deleted="false" tModelKey="uddi:d20279c4-855f-b85a-8e68-a4e710409060"><ns4:name>TrialLeads_API_PortType</ns4:name><ns4:categoryBag><ns4:keyedReference keyName="WSDL type" keyValue="portType" tModelKey="uddi:uddi.org:wsdl:types"/><ns4:keyedReference keyName="portType namespace" keyValue="http://www.soa.com/trialleads" tModelKey="uddi:uddi.org:xml:namespace"/></ns4:categoryBag></ns4:tModel><ns8:InterfaceWsdlUri>wsdls/uddi_d20279c4-855f-b85a-8e68-a4e710409060.wsdl</ns8:InterfaceWsdlUri></ns8:ExportInterface></ns8:ExportObjectConfiguration><ns8:ExportObjectConfiguration><ns2:InterfaceKey><ns2:Key>uddi:92a520cb-7787-53fd-1cc4-815a6d572734</ns2:Key><ns2:InterfaceQName>{https://na4.salesforce.com/services/data/v20.0/}SalesforceV20_API_PortType</ns2:InterfaceQName></ns2:InterfaceKey><ns8:ExportInterface><ns4:tModel deleted="false" tModelKey="uddi:92a520cb-7787-53fd-1cc4-815a6d572734"><ns4:name>SalesforceV20_API_PortType</ns4:name><ns4:categoryBag><ns4:keyedReference keyName="WSDL type" keyValue="portType" tModelKey="uddi:uddi.org:wsdl:types"/><ns4:keyedReference keyName="portType namespace" keyValue="https://na4.salesforce.com/services/data/v20.0/" tModelKey="uddi:uddi.org:xml:namespace"/></ns4:categoryBag></ns4:tModel><ns8:InterfaceWsdlUri>wsdls/uddi_92a520cb-7787-53fd-1cc4-815a6d572734.wsdl</ns8:InterfaceWsdlUri></ns8:ExportInterface></ns8:ExportObjectConfiguration><ns8:ExportObjectConfiguration><ns2:BindingKey><ns2:Key>uddi:3843dedd-8d3e-3f89-0dd3-4983132d1fd0</ns2:Key><ns2:BindingQName>{http://www.soa.com/trialleads}TrialLeads_API_Binding</ns2:BindingQName><ns2:BindingType>binding.http</ns2:BindingType></ns2:BindingKey><ns8:ExportBinding><ns4:tModel deleted="false" tModelKey="uddi:3843dedd-8d3e-3f89-0dd3-4983132d1fd0"><ns4:name>TrialLeads_API_Binding</ns4:name><ns4:categoryBag><ns4:keyedReference keyName="uddi-org:types" keyValue="wsdlSpec" tModelKey="uddi:uddi.org:categorization:types"/><ns4:keyedReference keyName="portType Reference" keyValue="uddi:d20279c4-855f-b85a-8e68-a4e710409060" tModelKey="uddi:uddi.org:wsdl:porttypereference"/><ns4:keyedReference keyName="WSDL type" keyValue="binding" tModelKey="uddi:uddi.org:wsdl:types"/><ns4:keyedReference keyName="binding namespace" keyValue="http://www.soa.com/trialleads" tModelKey="uddi:uddi.org:xml:namespace"/></ns4:categoryBag></ns4:tModel><ns8:BindingWsdlUri>wsdls/uddi_3843dedd-8d3e-3f89-0dd3-4983132d1fd0.wsdl</ns8:BindingWsdlUri></ns8:ExportBinding></ns8:ExportObjectConfiguration><ns8:ExportObjectConfiguration><ns2:BindingKey><ns2:Key>uddi:10cecae7-8cef-20d3-cd83-ecf77402aa6c</ns2:Key><ns2:BindingQName>{https://na4.salesforce.com/services/data/v20.0/}SalesforceV20_API_Binding</ns2:BindingQName><ns2:BindingType>binding.http</ns2:BindingType></ns2:BindingKey><ns8:ExportBinding><ns4:tModel deleted="false" tModelKey="uddi:10cecae7-8cef-20d3-cd83-ecf77402aa6c"><ns4:name>SalesforceV20_API_Binding</ns4:name><ns4:categoryBag><ns4:keyedReference keyName="uddi-org:types" keyValue="wsdlSpec" tModelKey="uddi:uddi.org:categorization:types"/><ns4:keyedReference keyName="portType Reference" keyValue="uddi:92a520cb-7787-53fd-1cc4-815a6d572734" tModelKey="uddi:uddi.org:wsdl:porttypereference"/><ns4:keyedReference keyName="WSDL type" keyValue="binding" tModelKey="uddi:uddi.org:wsdl:types"/><ns4:keyedReference keyName="binding namespace" keyValue="https://na4.salesforce.com/services/data/v20.0/" tModelKey="uddi:uddi.org:xml:namespace"/></ns4:categoryBag></ns4:tModel><ns8:BindingWsdlUri>wsdls/uddi_10cecae7-8cef-20d3-cd83-ecf77402aa6c.wsdl</ns8:BindingWsdlUri></ns8:ExportBinding></ns8:ExportObjectConfiguration><ns8:ExportObjectConfiguration><ns2:BindingKey><ns2:Key>uddi:69eb6109-5a11-7127-04a4-f1f28b7ecf04</ns2:Key><ns2:BindingQName>{https://login.salesforce.com/services/oauth2}SalesforceAuthentication_Binding</ns2:BindingQName><ns2:BindingType>binding.http</ns2:BindingType></ns2:BindingKey><ns8:ExportBinding><ns4:tModel deleted="false" tModelKey="uddi:69eb6109-5a11-7127-04a4-f1f28b7ecf04"><ns4:name>SalesforceAuthentication_Binding</ns4:name><ns4:categoryBag><ns4:keyedReference keyName="uddi-org:types" keyValue="wsdlSpec" tModelKey="uddi:uddi.org:categorization:types"/><ns4:keyedReference keyName="portType Reference" keyValue="uddi:2efde530-cd3d-3bf4-8035-f4eef7bdb6ee" tModelKey="uddi:uddi.org:wsdl:porttypereference"/><ns4:keyedReference keyName="WSDL type" keyValue="binding" tModelKey="uddi:uddi.org:wsdl:types"/><ns4:keyedReference keyName="binding namespace" keyValue="https://login.salesforce.com/services/oauth2" tModelKey="uddi:uddi.org:xml:namespace"/></ns4:categoryBag></ns4:tModel><ns8:BindingWsdlUri>wsdls/uddi_69eb6109-5a11-7127-04a4-f1f28b7ecf04.wsdl</ns8:BindingWsdlUri></ns8:ExportBinding></ns8:ExportObjectConfiguration><ns8:ExportObjectConfiguration><ns2:ServiceKey><ns2:Key>uddi:6a2f56fd-dcc6-11e4-bea5-dbead20d92c4</ns2:Key><ns2:ServiceQName>{https://login.salesforce.com/services/oauth2}SalesforceAuth</ns2:ServiceQName></ns2:ServiceKey><ns8:ExportService><PhysicalService BusinessKey="uddi:2dafe39a-dcc4-11e4-bea5-dbead20d92c4" Discovered="false" ServiceKey="uddi:6a2f56fd-dcc6-11e4-bea5-dbead20d92c4" WsdlServiceLocalName="SalesforceAuth" WsdlTargetNamespaceUrl="https://login.salesforce.com/services/oauth2"><Name>SalesforceAuthentication</Name><Description></Description><Operations><Operation InterfaceName="{https://login.salesforce.com/services/oauth2}SalesforceAuthentication_PortType" ManagementState="Enabled" NumOfVirtualizedOperations="0" OperationKey="6af12061-dcc6-11e4-bea5-dbead20d92c4" OperationLastUpdatedAt="2015-04-07T01:35:48.540Z" OperationName="POST /token" PolicyAvailable="true" ServiceKey="uddi:6a2f56fd-dcc6-11e4-bea5-dbead20d92c4" WsdlOperationName="POST__token"/></Operations></PhysicalService><ns4:businessService businessKey="uddi:2dafe39a-dcc4-11e4-bea5-dbead20d92c4" serviceKey="uddi:6a2f56fd-dcc6-11e4-bea5-dbead20d92c4"><ns4:name>SalesforceAuthentication</ns4:name><ns4:bindingTemplates><ns4:bindingTemplate bindingKey="uddi:6b014d04-dcc6-11e4-bea5-dbead20d92c4" serviceKey="uddi:6a2f56fd-dcc6-11e4-bea5-dbead20d92c4"><ns4:accessPoint useType="endPoint">https://login.salesforce.com/services/oauth2</ns4:accessPoint><ns4:tModelInstanceDetails><ns4:tModelInstanceInfo tModelKey="uddi:69eb6109-5a11-7127-04a4-f1f28b7ecf04"><ns4:description>The wsdl:binding that this wsdl:port implements. The instanceParms specifies the port local name.</ns4:description><ns4:instanceDetails><ns4:instanceParms>SalesforceAuthentication_port</ns4:instanceParms></ns4:instanceDetails></ns4:tModelInstanceInfo><ns4:tModelInstanceInfo tModelKey="uddi:2efde530-cd3d-3bf4-8035-f4eef7bdb6ee"><ns4:description>The wsdl:portType that this wsdl:port implements.</ns4:description></ns4:tModelInstanceInfo></ns4:tModelInstanceDetails><ns4:categoryBag><ns4:keyedReference keyName="WSDL type" keyValue="port" tModelKey="uddi:uddi.org:wsdl:types"/></ns4:categoryBag></ns4:bindingTemplate></ns4:bindingTemplates><ns4:categoryBag><ns4:keyedReference keyName="Design" keyValue="Design" tModelKey="uddi:soa.com:servicelifecyclestage"/><ns4:keyedReference keyName="1.0" keyValue="bcb9c934-fd36-4d23-9af8-2a1d45d64d17" tModelKey="uddi:soa.com:serviceversion"/><ns4:keyedReference keyName="WSDL type" keyValue="service" tModelKey="uddi:uddi.org:wsdl:types"/><ns4:keyedReference keyName="service namespace" keyValue="https://login.salesforce.com/services/oauth2" tModelKey="uddi:uddi.org:xml:namespace"/><ns4:keyedReference keyName="service local name" keyValue="SalesforceAuth" tModelKey="uddi:uddi.org:xml:localname"/><ns4:keyedReferenceGroup tModelKey="uddi:soa.com:service:group"/></ns4:categoryBag></ns4:businessService><ns8:ExportServiceEndpoint><ns7:ServiceEndpoint><ns7:ServiceKey>uddi:6a2f56fd-dcc6-11e4-bea5-dbead20d92c4</ns7:ServiceKey><ns7:Name>uddi:6b014d04-dcc6-11e4-bea5-dbead20d92c4</ns7:Name><ns7:Url>https://login.salesforce.com/services/oauth2</ns7:Url><ns7:BindingQName>{https://login.salesforce.com/services/oauth2}SalesforceAuthentication_Binding</ns7:BindingQName><ns7:PortName>SalesforceAuthentication_port</ns7:PortName><ns7:Protocol>https</ns7:Protocol></ns7:ServiceEndpoint><ns8:EndpointWsdlUri>wsdls/uddi_6b014d04-dcc6-11e4-bea5-dbead20d92c4.wsdl</ns8:EndpointWsdlUri></ns8:ExportServiceEndpoint></ns8:ExportService></ns8:ExportObjectConfiguration><ns8:ExportObjectConfiguration><ns2:ServiceKey><ns2:Key>uddi:15ff87f7-dcca-11e4-bea5-dbead20d92c4</ns2:Key><ns2:ServiceQName>{http://www.soa.com/dropbox/integration}dropbox_API_Integration</ns2:ServiceQName></ns2:ServiceKey><ns8:ExportService><VirtualService BusinessKey="uddi:2dafe39a-dcc4-11e4-bea5-dbead20d92c4" ServiceKey="uddi:15ff87f7-dcca-11e4-bea5-dbead20d92c4" WsdlServiceLocalName="dropbox_API_Integration" WsdlTargetNamespaceUrl="http://www.soa.com/dropbox/integration"><Name>Dropbox_API_Integration</Name><Description></Description><Operations><LogicalOperation InterfaceName="{http://www.soa.com/trialleads}TrialLeads_API_PortType" ManagementState="Enabled" NumOfVirtualizedOperations="0" OperationKey="16414bee-dcca-11e4-bea5-dbead20d92c4" OperationLastUpdatedAt="2015-04-09T04:39:25.813Z" OperationName="GET /leads" PolicyAvailable="true" ServiceKey="uddi:15ff87f7-dcca-11e4-bea5-dbead20d92c4" WsdlOperationName="GET__leads"/><LogicalOperation InterfaceName="{http://www.soa.com/trialleads}TrialLeads_API_PortType" ManagementState="Enabled" NextHopOperationKey="uddi:128767cd-d6a1-11e4-9a5e-8f28bc3f91d0$$${https://api.dropbox.com/1}Dropbox_Core_API_PortType$$$POST__fileops_delete" NextHopOperationName="POST /sobjects/Lead" NextHopServiceKey="uddi:25734f6f-71c4-11e4-b9af-fdd44115e303" NextHopServiceName="SalesforceV20_API" NumOfVirtualizedOperations="0" OperationKey="1640889b-dcca-11e4-bea5-dbead20d92c4" OperationLastUpdatedAt="2015-04-09T04:39:25.813Z" OperationName="POST /leads" PolicyAvailable="true" ServiceKey="uddi:15ff87f7-dcca-11e4-bea5-dbead20d92c4" WsdlOperationName="POST__leads"><NextHopOperation InterfaceName="{https://na4.salesforce.com/services/data/v20.0/}SalesforceV20_API_PortType" OperationKey="b3cedf2c-dcc3-11e4-bea5-dbead20d92c4" OperationLastUpdatedAt="2015-04-07T01:16:24.307Z" OperationName="POST /sobjects/Lead" ServiceKey="uddi:25734f6f-71c4-11e4-b9af-fdd44115e303" ServiceName="SalesforceV20_API" WsdlOperationName="POST__sobjects_Lead"/></LogicalOperation></Operations></VirtualService><ns4:businessService businessKey="uddi:2dafe39a-dcc4-11e4-bea5-dbead20d92c4" serviceKey="uddi:15ff87f7-dcca-11e4-bea5-dbead20d92c4"><ns4:name>Dropbox_API_Integration</ns4:name><ns4:bindingTemplates><ns4:bindingTemplate bindingKey="uddi:1680ed02-dcca-11e4-bea5-dbead20d92c4" serviceKey="uddi:15ff87f7-dcca-11e4-bea5-dbead20d92c4"><ns4:accessPoint useType="endPoint">http://10.150.53.83:9905/dropbox_int</ns4:accessPoint><ns4:tModelInstanceDetails><ns4:tModelInstanceInfo tModelKey="uddi:3843dedd-8d3e-3f89-0dd3-4983132d1fd0"><ns4:description>The wsdl:binding that this wsdl:port implements. The instanceParms specifies the port local name.</ns4:description><ns4:instanceDetails><ns4:instanceParms>HTTP</ns4:instanceParms></ns4:instanceDetails></ns4:tModelInstanceInfo><ns4:tModelInstanceInfo tModelKey="uddi:d20279c4-855f-b85a-8e68-a4e710409060"><ns4:description>The wsdl:portType that this wsdl:port implements.</ns4:description></ns4:tModelInstanceInfo></ns4:tModelInstanceDetails><ns4:categoryBag><ns4:keyedReference keyName="WSDL type" keyValue="port" tModelKey="uddi:uddi.org:wsdl:types"/><ns4:keyedReferenceGroup tModelKey="uddi:soa.com:serviceendpoint:group"><ns4:keyedReference keyName="containerKey" keyValue="283b5d7c-b1dc-456d-ad3d-98cb1fc5" tModelKey="uddi:soa.com:serviceendpoint:containername"/><ns4:keyedReference keyName="listenerName" keyValue="default-http0" tModelKey="uddi:soa.com:serviceendpoint:listenername"/></ns4:keyedReferenceGroup></ns4:categoryBag></ns4:bindingTemplate></ns4:bindingTemplates><ns4:categoryBag><ns4:keyedReference keyName="Virtual Service" keyValue="Virtual Service" tModelKey="uddi:digev.com:categorization:services"/><ns4:keyedReference keyName="Design" keyValue="Design" tModelKey="uddi:soa.com:servicelifecyclestage"/><ns4:keyedReference keyName="WSDL type" keyValue="service" tModelKey="uddi:uddi.org:wsdl:types"/><ns4:keyedReference keyName="service namespace" keyValue="http://www.soa.com/dropbox/integration" tModelKey="uddi:uddi.org:xml:namespace"/><ns4:keyedReference keyName="service local name" keyValue="dropbox_API_Integration" tModelKey="uddi:uddi.org:xml:localname"/><ns4:keyedReference keyName="Managed Service" keyValue="Managed Service" tModelKey="uddi:digev.com:categorization:services"/><ns4:keyedReferenceGroup tModelKey="uddi:soa.com:service:group"/></ns4:categoryBag></ns4:businessService><ns8:ExportServiceEndpoint><ns7:ServiceEndpoint><ns7:ServiceKey>uddi:15ff87f7-dcca-11e4-bea5-dbead20d92c4</ns7:ServiceKey><ns7:Name>uddi:1680ed02-dcca-11e4-bea5-dbead20d92c4</ns7:Name><ns7:Url>http://10.150.53.83:9905/dropbox_int</ns7:Url><ns7:BindingQName>{http://www.soa.com/trialleads}TrialLeads_API_Binding</ns7:BindingQName><ns7:PortName>HTTP</ns7:PortName><ns7:Protocol>http</ns7:Protocol><ns7:ContainerKey>283b5d7c-b1dc-456d-ad3d-98cb1fc5</ns7:ContainerKey><ns7:ListenerName>default-http0</ns7:ListenerName></ns7:ServiceEndpoint><ns8:EndpointWsdlUri>wsdls/uddi_1680ed02-dcca-11e4-bea5-dbead20d92c4.wsdl</ns8:EndpointWsdlUri></ns8:ExportServiceEndpoint><ns8:BpelUri>services/uddi_15ff87f7-dcca-11e4-bea5-dbead20d92c4/bpel.xml</ns8:BpelUri><ns8:ManagementUri>services/uddi_15ff87f7-dcca-11e4-bea5-dbead20d92c4/management.xml</ns8:ManagementUri></ns8:ExportService></ns8:ExportObjectConfiguration><ns8:ExportObjectConfiguration><ns2:ServiceKey><ns2:Key>uddi:a9899a37-dcc6-11e4-bea5-dbead20d92c4</ns2:Key><ns2:ServiceQName>{https://na4.salesforce.com/services/data/v20.0/}SalesforceV20</ns2:ServiceQName></ns2:ServiceKey><ns8:ExportService><PhysicalService BusinessKey="uddi:2dafe39a-dcc4-11e4-bea5-dbead20d92c4" Discovered="false" ServiceKey="uddi:a9899a37-dcc6-11e4-bea5-dbead20d92c4" WsdlServiceLocalName="SalesforceV20" WsdlTargetNamespaceUrl="https://na4.salesforce.com/services/data/v20.0/"><Name>SalesforceV20_API</Name><Description></Description><Operations><Operation InterfaceName="{https://na4.salesforce.com/services/data/v20.0/}SalesforceV20_API_PortType" ManagementState="Enabled" NumOfVirtualizedOperations="0" OperationKey="a9c9fe9b-dcc6-11e4-bea5-dbead20d92c4" OperationLastUpdatedAt="2015-04-07T01:37:34.050Z" OperationName="GET /query" PolicyAvailable="true" ServiceKey="uddi:a9899a37-dcc6-11e4-bea5-dbead20d92c4" WsdlOperationName="GET__query"/><Operation InterfaceName="{https://na4.salesforce.com/services/data/v20.0/}SalesforceV20_API_PortType" ManagementState="Enabled" NumOfVirtualizedOperations="0" OperationKey="a9cc6ea0-dcc6-11e4-bea5-dbead20d92c4" OperationLastUpdatedAt="2015-04-07T01:37:34.050Z" OperationName="GET /sobjects/Account/{id}" PolicyAvailable="true" ServiceKey="uddi:a9899a37-dcc6-11e4-bea5-dbead20d92c4" WsdlOperationName="GET__sobjects_Account__id_"/><Operation InterfaceName="{https://na4.salesforce.com/services/data/v20.0/}SalesforceV20_API_PortType" ManagementState="Enabled" NumOfVirtualizedOperations="0" OperationKey="a9cf06b5-dcc6-11e4-bea5-dbead20d92c4" OperationLastUpdatedAt="2015-04-07T01:37:34.050Z" OperationName="GET /sobjects/Lead/{id}" PolicyAvailable="true" ServiceKey="uddi:a9899a37-dcc6-11e4-bea5-dbead20d92c4" WsdlOperationName="GET__sobjects_Lead__id_"/><Operation InterfaceName="{https://na4.salesforce.com/services/data/v20.0/}SalesforceV20_API_PortType" ManagementState="Enabled" NumOfVirtualizedOperations="0" OperationKey="a9ca9add-dcc6-11e4-bea5-dbead20d92c4" OperationLastUpdatedAt="2015-04-07T01:37:34.050Z" OperationName="POST /sobjects/Account" PolicyAvailable="true" ServiceKey="uddi:a9899a37-dcc6-11e4-bea5-dbead20d92c4" WsdlOperationName="POST__sobjects_Account"/><Operation InterfaceName="{https://na4.salesforce.com/services/data/v20.0/}SalesforceV20_API_PortType" ManagementState="Enabled" NumOfVirtualizedOperations="0" OperationKey="a9cd31f2-dcc6-11e4-bea5-dbead20d92c4" OperationLastUpdatedAt="2015-04-07T01:37:34.050Z" OperationName="POST /sobjects/Lead" PolicyAvailable="true" ServiceKey="uddi:a9899a37-dcc6-11e4-bea5-dbead20d92c4" WsdlOperationName="POST__sobjects_Lead"/></Operations></PhysicalService><ns4:businessService businessKey="uddi:2dafe39a-dcc4-11e4-bea5-dbead20d92c4" serviceKey="uddi:a9899a37-dcc6-11e4-bea5-dbead20d92c4"><ns4:name>SalesforceV20_API</ns4:name><ns4:bindingTemplates><ns4:bindingTemplate bindingKey="uddi:a9e574ec-dcc6-11e4-bea5-dbead20d92c4" serviceKey="uddi:a9899a37-dcc6-11e4-bea5-dbead20d92c4"><ns4:accessPoint useType="endPoint">https://na4.salesforce.com/services/data/v20.0/</ns4:accessPoint><ns4:tModelInstanceDetails><ns4:tModelInstanceInfo tModelKey="uddi:10cecae7-8cef-20d3-cd83-ecf77402aa6c"><ns4:description>The wsdl:binding that this wsdl:port implements. The instanceParms specifies the port local name.</ns4:description><ns4:instanceDetails><ns4:instanceParms>SalesforceV20_API_port</ns4:instanceParms></ns4:instanceDetails></ns4:tModelInstanceInfo><ns4:tModelInstanceInfo tModelKey="uddi:92a520cb-7787-53fd-1cc4-815a6d572734"><ns4:description>The wsdl:portType that this wsdl:port implements.</ns4:description></ns4:tModelInstanceInfo></ns4:tModelInstanceDetails><ns4:categoryBag><ns4:keyedReference keyName="WSDL type" keyValue="port" tModelKey="uddi:uddi.org:wsdl:types"/></ns4:categoryBag></ns4:bindingTemplate></ns4:bindingTemplates><ns4:categoryBag><ns4:keyedReference keyName="Design" keyValue="Design" tModelKey="uddi:soa.com:servicelifecyclestage"/><ns4:keyedReference keyName="1.0" keyValue="52327724-420c-496d-a51a-d81ba93ae7af" tModelKey="uddi:soa.com:serviceversion"/><ns4:keyedReference keyName="WSDL type" keyValue="service" tModelKey="uddi:uddi.org:wsdl:types"/><ns4:keyedReference keyName="service namespace" keyValue="https://na4.salesforce.com/services/data/v20.0/" tModelKey="uddi:uddi.org:xml:namespace"/><ns4:keyedReference keyName="service local name" keyValue="SalesforceV20" tModelKey="uddi:uddi.org:xml:localname"/><ns4:keyedReferenceGroup tModelKey="uddi:soa.com:service:group"/></ns4:categoryBag></ns4:businessService><ns8:ExportServiceEndpoint><ns7:ServiceEndpoint><ns7:ServiceKey>uddi:a9899a37-dcc6-11e4-bea5-dbead20d92c4</ns7:ServiceKey><ns7:Name>uddi:a9e574ec-dcc6-11e4-bea5-dbead20d92c4</ns7:Name><ns7:Url>https://na4.salesforce.com/services/data/v20.0/</ns7:Url><ns7:BindingQName>{https://na4.salesforce.com/services/data/v20.0/}SalesforceV20_API_Binding</ns7:BindingQName><ns7:PortName>SalesforceV20_API_port</ns7:PortName><ns7:Protocol>https</ns7:Protocol></ns7:ServiceEndpoint><ns8:EndpointWsdlUri>wsdls/uddi_a9e574ec-dcc6-11e4-bea5-dbead20d92c4.wsdl</ns8:EndpointWsdlUri></ns8:ExportServiceEndpoint></ns8:ExportService></ns8:ExportObjectConfiguration><ns8:ExportObjectConfiguration><ns2:ContractKey><ns2:Key>6db8d6ad-ddb0-11e4-bea5-dbead20d92c4</ns2:Key></ns2:ContractKey><ns8:ExportContract><ns14:Contract><ns14:ContractInfo Anonymous="true" Key="6db8d6ad-ddb0-11e4-bea5-dbead20d92c4:1011" Name="Anonymous" State="Active"><ns14:Description></ns14:Description><ns14:ProviderOrganizationKey>uddi:2dafe39a-dcc4-11e4-bea5-dbead20d92c4</ns14:ProviderOrganizationKey><ns2:EffectiveDateTimes><ns2:StartDateTime><ns2:DateTime>2015-04-08T05:30:00Z</ns2:DateTime><ns2:TimezoneName>UTC</ns2:TimezoneName></ns2:StartDateTime><ns2:EndDateTime><ns2:DateTime>2016-04-07T05:30:00Z</ns2:DateTime><ns2:TimezoneName>UTC</ns2:TimezoneName></ns2:EndDateTime><ns2:Expire>false</ns2:Expire></ns2:EffectiveDateTimes><ns14:ContractVersionInfo><ns14:LastModifiedTimestamp>2015-04-08Z</ns14:LastModifiedTimestamp><ns14:User>Local Domain\administrator</ns14:User><ns14:MetadataVersion>1</ns14:MetadataVersion><ns14:ActiveMetadataVersion>1</ns14:ActiveMetadataVersion></ns14:ContractVersionInfo><ns14:ContractType>service.contract</ns14:ContractType></ns14:ContractInfo><ns14:ContractScope><ns2:OrganizationKey>uddi:2dafe39a-dcc4-11e4-bea5-dbead20d92c4</ns2:OrganizationKey></ns14:ContractScope></ns14:Contract></ns8:ExportContract></ns8:ExportObjectConfiguration><ns8:ExportObjectConfiguration><ns2:IdentityKey><ns2:Key>Local Domain\#cTZMcqm76YyqcJfAUmbtg==</ns2:Key><ns2:DomainName>Local Domain</ns2:DomainName><ns2:UserName>#cTZMcqm76YyqcJfAUmbtg==</ns2:UserName></ns2:IdentityKey><ns8:ExportUserIdentity><ns15:User DomainName="Local Domain" UserName="#cTZMcqm76YyqcJfAUmbtg=="><ns15:FullName>Service: uddi:6a2f56fd-dcc6-11e4-bea5-dbead20d92c4</ns15:FullName><ns15:IdentityKey>urn:uuid:6a30415e-dcc6-11e4-bea5-dbead20d92c4</ns15:IdentityKey><ns15:Password>fvA3fEgrZlbqnSbO0hyZoBtJ+q+Ne4eJMyB5uEE532Bea+IsLAcONxftInAiu+SqL5xDtQC3wom2OIEAS2wUmQ==</ns15:Password><ns15:Disabled>false</ns15:Disabled><ns15:ForcePwdResetOnNextLogin>false</ns15:ForcePwdResetOnNextLogin><ns15:Expired>false</ns15:Expired><ns15:ReadOnly>true</ns15:ReadOnly><ns15:PasswordFrmSeed>0</ns15:PasswordFrmSeed><ns15:OrganizationKey>uddi:soa.com:registryorganization</ns15:OrganizationKey><ns15:PasswordSalt>YZPTet4bOJXTYBTuKNl2uCrgsURvVsK+jg1/7eYko5PBhH0gZD3uJmUPCO4N+w69qO+waiGpVyW+ZKq0RdqxvA==</ns15:PasswordSalt></ns15:User><ns8:PKIGenerated>true</ns8:PKIGenerated></ns8:ExportUserIdentity></ns8:ExportObjectConfiguration><ns8:ExportObjectConfiguration><ns2:IdentityKey><ns2:Key>Local Domain\Aqp#jgtiCC4PPAWeGgzwug==</ns2:Key><ns2:DomainName>Local Domain</ns2:DomainName><ns2:UserName>Aqp#jgtiCC4PPAWeGgzwug==</ns2:UserName></ns2:IdentityKey><ns8:ExportUserIdentity><ns15:User DomainName="Local Domain" UserName="Aqp#jgtiCC4PPAWeGgzwug=="><ns15:FullName>Service: uddi:15ff87f7-dcca-11e4-bea5-dbead20d92c4</ns15:FullName><ns15:IdentityKey>urn:uuid:1603a6a8-dcca-11e4-bea5-dbead20d92c4</ns15:IdentityKey><ns15:Password>ls2KnsLyCEcVDVSn/+Xa9kf572vO/D7s0HpjNIN8zZHpWmh5S0W2kzCWkzBcY2aYhDuRkJgOTxirXd+BeilYLQ==</ns15:Password><ns15:Disabled>false</ns15:Disabled><ns15:ForcePwdResetOnNextLogin>false</ns15:ForcePwdResetOnNextLogin><ns15:Expired>false</ns15:Expired><ns15:ReadOnly>true</ns15:ReadOnly><ns15:PasswordFrmSeed>0</ns15:PasswordFrmSeed><ns15:OrganizationKey>uddi:soa.com:registryorganization</ns15:OrganizationKey><ns15:PasswordSalt>cOfsfj5qPPvpYkLCxDa13TpPTbwbhCX9FYn564myL+X39SlajyF5yZETWubU6PcxtPTvvxgK9IgkE4iCbmIJMQ==</ns15:PasswordSalt></ns15:User><ns8:PKIGenerated>true</ns8:PKIGenerated></ns8:ExportUserIdentity></ns8:ExportObjectConfiguration><ns8:ExportObjectConfiguration><ns2:IdentityKey><ns2:Key>Local Domain\OzeybsM6K3kwTTq5mnl#cA==</ns2:Key><ns2:DomainName>Local Domain</ns2:DomainName><ns2:UserName>OzeybsM6K3kwTTq5mnl#cA==</ns2:UserName></ns2:IdentityKey><ns8:ExportUserIdentity><ns15:User DomainName="Local Domain" UserName="OzeybsM6K3kwTTq5mnl#cA=="><ns15:FullName>Service: uddi:a9899a37-dcc6-11e4-bea5-dbead20d92c4</ns15:FullName><ns15:IdentityKey>urn:uuid:a98a8498-dcc6-11e4-bea5-dbead20d92c4</ns15:IdentityKey><ns15:Password>nV6C8E6lqg/SCi9JPQ+IKnym8Ktpatip4Ho6NycnKkK0uO4kZfnd1rFj2RlxcTHUFJLZ1tSu1jQQNXmqPFSLHA==</ns15:Password><ns15:Disabled>false</ns15:Disabled><ns15:ForcePwdResetOnNextLogin>false</ns15:ForcePwdResetOnNextLogin><ns15:Expired>false</ns15:Expired><ns15:ReadOnly>true</ns15:ReadOnly><ns15:PasswordFrmSeed>0</ns15:PasswordFrmSeed><ns15:OrganizationKey>uddi:soa.com:registryorganization</ns15:OrganizationKey><ns15:PasswordSalt>707sYnQqm6pkTGbdWMaabTzCWBPUTjcfMqoUEZDYWxxJOBG5BDYWxs3R+a1Xtj7GyGJAtpQBu4UvKT3SCEFNIA==</ns15:PasswordSalt></ns15:User><ns8:PKIGenerated>true</ns8:PKIGenerated></ns8:ExportUserIdentity></ns8:ExportObjectConfiguration></ns8:ExportConfiguration>