<?xml version="1.0" encoding="UTF-8"?>
<process name="Dropbox-Integration-Main" ns11:description="" ns11:name="DropboxIntegrationMain" ns11:orgKey="uddi:2dafe39a-dcc4-11e4-bea5-dbead20d92c4" ns2:processKey="bpel:0527830f-ddb2-11e4-bea5-dbead20d92c4" targetNamespace="http://soa.com/processs" xmlns="http://schemas.xmlsoap.org/ws/2003/03/business-process/" xmlns:ns10="http://soa.com/capabilities/service/virtualization/bpel/activity" xmlns:ns11="http://soa.com/bpel/export" xmlns:ns2="http://soa.com/bpel/ext" xmlns:ns3="http://soa.com/capabilities/service/virtualization/bpel" xmlns:ns4="http://schemas.xmlsoap.org/ws/2006/02/addressingidentity" xmlns:ns5="http://www.w3.org/2000/09/xmldsig#" xmlns:ns6="http://docs.oasis-open.org/wss/2004/01/oasis-200401-wss-wssecurity-secext-1.0.xsd" xmlns:ns7="http://docs.oasis-open.org/wss/2004/01/oasis-200401-wss-wssecurity-utility-1.0.xsd" xmlns:ns8="http://schemas.xmlsoap.org/ws/2004/09/mex" xmlns:ns9="http://schemas.xmlsoap.org/ws/2003/05/partner-link/"><ns9:partnerLinkType name="ActivityPortTypeConsumer"><ns9:role name="Consumer"><ns9:portType name="ns10:ActivityPortType"/></ns9:role></ns9:partnerLinkType><ns10:Activities><ns10:Activity ActivityType="ns12:ScriptedActivity" LastUpdated="1428554365615" Name="SaveInputJSON" xmlns:ns12="http://soa.com/uri/products/activity/script/xsd/1.0"><ns2:ScriptedActivity xmlns="http://soa.com/uri/products/activity/audit/xsd/1.0" xmlns:ns11="http://soa.com/uri/products/activity/script/xsd/1.0" xmlns:ns2="http://soa.com/uri/products/activity/script/xsd/1.0" xmlns:ns3="http://soa.com/uri/products/activity/stripxml/xsd/1.0" xmlns:ns4="http://soa.com/uri/products/activity/xform/xsd/1.0" xmlns:ns5="http://soa.com/uri/products/activity/process/xsd/1.0" xmlns:ns6="http://soa.com/uri/products/activity/insertxml/xsd/1.0" xmlns:ns7="http://soa.com/uri/products/activity/insertcontent/xsd/1.0"><ns11:Language>js</ns11:Language><ns11:Script>// *************************************************************
// *************************************************************
// **  Store the input for later use
// **
// **  
// **
// *************************************************************
// *************************************************************
auditLog.debug("Start Configure input Store");

//Get current message
var msg = processContext.getVariable("message");

//Set request body
var msgJSON = JSON.parse(msg.getContentAsString());
var lead = JSON.stringify(msgJSON);

//store the lead details
auditLog.debug("lead is: " +  msg.getContentAsString());
processContext.setVariable("lead", msg.getContentAsString());

//Store the authKey
var headers = msg.getTransportHeaders();
processContext.setVariable("AuthKey", headers.get("authKey").getValue());

auditLog.debug("End Conifgure input Store");</ns11:Script></ns2:ScriptedActivity></ns10:Activity><ns10:Activity ActivityType="ns12:ProcessActivity" LastUpdated="1428554365615" Name="PostLeadToSF" xmlns:ns12="http://soa.com/uri/products/activity/process/xsd/1.0"><ns5:ProcessActivity xmlns="http://soa.com/uri/products/activity/audit/xsd/1.0" xmlns:ns11="http://soa.com/uri/products/activity/process/xsd/1.0" xmlns:ns2="http://soa.com/uri/products/activity/script/xsd/1.0" xmlns:ns3="http://soa.com/uri/products/activity/stripxml/xsd/1.0" xmlns:ns4="http://soa.com/uri/products/activity/xform/xsd/1.0" xmlns:ns5="http://soa.com/uri/products/activity/process/xsd/1.0" xmlns:ns6="http://soa.com/uri/products/activity/insertxml/xsd/1.0" xmlns:ns7="http://soa.com/uri/products/activity/insertcontent/xsd/1.0"><ns11:ProcessID>bpel:e0acf7ae-dcc4-11e4-bea5-dbead20d92c4</ns11:ProcessID></ns5:ProcessActivity></ns10:Activity><ns10:Activity ActivityType="ns12:ProcessActivity" LastUpdated="1428554365615" Name="AddtoDropbox" xmlns:ns12="http://soa.com/uri/products/activity/process/xsd/1.0"><ns5:ProcessActivity xmlns="http://soa.com/uri/products/activity/audit/xsd/1.0" xmlns:ns11="http://soa.com/uri/products/activity/process/xsd/1.0" xmlns:ns2="http://soa.com/uri/products/activity/script/xsd/1.0" xmlns:ns3="http://soa.com/uri/products/activity/stripxml/xsd/1.0" xmlns:ns4="http://soa.com/uri/products/activity/xform/xsd/1.0" xmlns:ns5="http://soa.com/uri/products/activity/process/xsd/1.0" xmlns:ns6="http://soa.com/uri/products/activity/insertxml/xsd/1.0" xmlns:ns7="http://soa.com/uri/products/activity/insertcontent/xsd/1.0"><ns11:ProcessID>bpel:830cc3e3-dcc4-11e4-bea5-dbead20d92c4</ns11:ProcessID></ns5:ProcessActivity></ns10:Activity><ns10:Activity ActivityType="ns12:ScriptedActivity" LastUpdated="1428554365615" Name="InsertSuccess" xmlns:ns12="http://soa.com/uri/products/activity/script/xsd/1.0"><ns2:ScriptedActivity xmlns="http://soa.com/uri/products/activity/audit/xsd/1.0" xmlns:ns11="http://soa.com/uri/products/activity/script/xsd/1.0" xmlns:ns2="http://soa.com/uri/products/activity/script/xsd/1.0" xmlns:ns3="http://soa.com/uri/products/activity/stripxml/xsd/1.0" xmlns:ns4="http://soa.com/uri/products/activity/xform/xsd/1.0" xmlns:ns5="http://soa.com/uri/products/activity/process/xsd/1.0" xmlns:ns6="http://soa.com/uri/products/activity/insertxml/xsd/1.0" xmlns:ns7="http://soa.com/uri/products/activity/insertcontent/xsd/1.0"><ns11:Language>js</ns11:Language><ns11:Script>// *************************************************************
// *************************************************************
// **
// **  process the response of the HTTP request Script
// **
// **  Inserts the success message into the response
// **
// *************************************************************
// *************************************************************
var success = msgFactory.create("application/json");
var content = '{"salesForceStatus":"Success", "Box":"Success"}';

var msgJSON = JSON.parse(content);

success.setStringContent(JSON.stringify(msgJSON));

processContext.setVariable("message", success);</ns11:Script></ns2:ScriptedActivity></ns10:Activity></ns10:Activities><partnerLinks><partnerLink myRole="Consumer" name="Activity" partnerLinkType="ns12:ActivityPortTypeConsumer" xmlns:ns12="http://soa.com/processs"/></partnerLinks><variables><variable messageType="ns12:ActivityMessage" name="message" xmlns:ns12="http://soa.com/process/activity"/><variable messageType="ns12:ActivityMessage" name="fault" xmlns:ns12="http://soa.com/process/activity"/><variable defaultValue="" name="AuthKey" type="xs:string" xmlns:xs="http://www.w3.org/2001/XMLSchema"/><variable name="lead" type="xs:any" xmlns:xs="http://www.w3.org/2001/XMLSchema"/></variables><sequence><invoke inputVariable="message" name="SaveInputJSON" operation="invoke" outputVariable="message" partnerLink="Activity" portType="ns10:ActivityPortType"><ns2:InvocationExt endpoint="SaveInputJSON" propagateExchange="true" service="ns10:ActivityService"/></invoke><invoke inputVariable="message" name="PostLeadToSF" operation="invoke" outputVariable="message" partnerLink="Activity" portType="ns10:ActivityPortType"><ns2:InvocationExt endpoint="PostLeadToSF" propagateExchange="true" service="ns10:ActivityService"/></invoke><invoke inputVariable="message" name="AddtoDropbox" operation="invoke" outputVariable="message" partnerLink="Activity" portType="ns10:ActivityPortType"><ns2:InvocationExt endpoint="AddtoDropbox" propagateExchange="true" service="ns10:ActivityService"/></invoke><invoke inputVariable="message" name="InsertSuccess" operation="invoke" outputVariable="message" partnerLink="Activity" portType="ns10:ActivityPortType"><ns2:InvocationExt endpoint="InsertSuccess" propagateExchange="true" service="ns10:ActivityService"/></invoke></sequence></process>