<?xml version="1.0" encoding="UTF-8"?>
<process name="SalesForceOAuth" ns11:description="stores the lead as a file in the Leads folder in Dropbox" ns11:name="PostLeadToDropbox" ns11:orgKey="uddi:2dafe39a-dcc4-11e4-bea5-dbead20d92c4" ns2:processKey="bpel:830cc3e3-dcc4-11e4-bea5-dbead20d92c4" targetNamespace="http://soa.com/processs" xmlns="http://schemas.xmlsoap.org/ws/2003/03/business-process/" xmlns:ns10="http://soa.com/capabilities/service/virtualization/bpel/activity" xmlns:ns11="http://soa.com/bpel/export" xmlns:ns2="http://soa.com/bpel/ext" xmlns:ns3="http://soa.com/capabilities/service/virtualization/bpel" xmlns:ns4="http://schemas.xmlsoap.org/ws/2006/02/addressingidentity" xmlns:ns5="http://www.w3.org/2000/09/xmldsig#" xmlns:ns6="http://docs.oasis-open.org/wss/2004/01/oasis-200401-wss-wssecurity-secext-1.0.xsd" xmlns:ns7="http://docs.oasis-open.org/wss/2004/01/oasis-200401-wss-wssecurity-utility-1.0.xsd" xmlns:ns8="http://schemas.xmlsoap.org/ws/2004/09/mex" xmlns:ns9="http://schemas.xmlsoap.org/ws/2003/05/partner-link/"><ns9:partnerLinkType name="ActivityPortTypeConsumer"><ns9:role name="Consumer"><ns9:portType name="ns10:ActivityPortType"/></ns9:role></ns9:partnerLinkType><ns10:Activities><ns10:Activity ActivityType="ns12:ScriptedActivity" LastUpdated="1428486112408" Name="Create Search Request" xmlns:ns12="http://soa.com/uri/products/activity/script/xsd/1.0"><ns2:ScriptedActivity xmlns="http://soa.com/uri/products/activity/audit/xsd/1.0" xmlns:ns11="http://soa.com/uri/products/activity/script/xsd/1.0" xmlns:ns2="http://soa.com/uri/products/activity/script/xsd/1.0" xmlns:ns3="http://soa.com/uri/products/activity/stripxml/xsd/1.0" xmlns:ns4="http://soa.com/uri/products/activity/xform/xsd/1.0" xmlns:ns5="http://soa.com/uri/products/activity/process/xsd/1.0" xmlns:ns6="http://soa.com/uri/products/activity/insertxml/xsd/1.0" xmlns:ns7="http://soa.com/uri/products/activity/insertcontent/xsd/1.0"><ns11:Language>js</ns11:Language><ns11:Script>// *************************************************************
// *************************************************************
// **
// ** HTTP request configuration Script
// **
// **  Creates the Message Object to be used by the Dropbox API Hook
// **	 to look for a folder called "lead"
// **
// *************************************************************
// *************************************************************
auditLog.debug("Creating Box Folder Search");

//Set Bearer token for Box Call (headers1 has is do avoid name clashes in other scripts)
var folderSearch = msgFactory.create();

//SetQuery parameters
var newQueryString = "query=leads";
folderSearch.setProperty("com.soa.message.TRANSPORT_QUERY", newQueryString.toString());

//Set path variables
var paraprop = new java.util.HashMap();
paraprop.put("root", "dropbox");
paraprop.put("path", " ");
folderSearch.setProperty("http.binding.path.params", paraprop);

//insert the authKey header
var headers = folderSearch.getTransportHeaders();
if (headers == null) {
	headers = folderSearch.createTransportHeaders()
}
headers.add("authKey", processContext.getVariable("AuthKey"));

//Set boxSearch process variable
processContext.setVariable("FolderSearch",folderSearch);

auditLog.debug("Finished Dropbox Folder Search");</ns11:Script></ns2:ScriptedActivity></ns10:Activity><ns10:Activity ActivityType="ns12:ScriptedActivity" LastUpdated="1428486112408" Name="Save Search Result" xmlns:ns12="http://soa.com/uri/products/activity/script/xsd/1.0"><ns2:ScriptedActivity xmlns="http://soa.com/uri/products/activity/audit/xsd/1.0" xmlns:ns11="http://soa.com/uri/products/activity/script/xsd/1.0" xmlns:ns2="http://soa.com/uri/products/activity/script/xsd/1.0" xmlns:ns3="http://soa.com/uri/products/activity/stripxml/xsd/1.0" xmlns:ns4="http://soa.com/uri/products/activity/xform/xsd/1.0" xmlns:ns5="http://soa.com/uri/products/activity/process/xsd/1.0" xmlns:ns6="http://soa.com/uri/products/activity/insertxml/xsd/1.0" xmlns:ns7="http://soa.com/uri/products/activity/insertcontent/xsd/1.0"><ns11:Language>js</ns11:Language><ns11:Script>// *************************************************************
// *************************************************************
// **
// ** process the response of the HTTP request Script
// **
// **  Stores the folder path for later use
// **
// *************************************************************
// *************************************************************
var msg = processContext.getVariable("FolderSearchResult");

auditLog.debug("processing the Folder Search result");

var msgJSON = JSON.parse(msg.getContentAsString());

auditLog.debug("the result was = " + JSON.stringify(msgJSON));

if (msgJSON != null || msgJSON != undefined){
	var path = msgJSON[0].path.toString();
	processContext.setVariable("Path", path);
} else
	processContext.setVariable("Path", "0");</ns11:Script></ns2:ScriptedActivity></ns10:Activity><ns10:Activity ActivityType="ns12:ScriptedActivity" LastUpdated="1428486112408" Name="ConfigFileSearch" xmlns:ns12="http://soa.com/uri/products/activity/script/xsd/1.0"><ns2:ScriptedActivity xmlns="http://soa.com/uri/products/activity/audit/xsd/1.0" xmlns:ns11="http://soa.com/uri/products/activity/script/xsd/1.0" xmlns:ns2="http://soa.com/uri/products/activity/script/xsd/1.0" xmlns:ns3="http://soa.com/uri/products/activity/stripxml/xsd/1.0" xmlns:ns4="http://soa.com/uri/products/activity/xform/xsd/1.0" xmlns:ns5="http://soa.com/uri/products/activity/process/xsd/1.0" xmlns:ns6="http://soa.com/uri/products/activity/insertxml/xsd/1.0" xmlns:ns7="http://soa.com/uri/products/activity/insertcontent/xsd/1.0"><ns11:Language>js</ns11:Language><ns11:Script>// *************************************************************
// *************************************************************
// **
// ** HTTP request configuration Script
// **
// **  Creates the Message Object to be used by the Dropbox API Hook
// **	 to look for a file called "leads.txt"
// **
// *************************************************************
// *************************************************************
auditLog.debug("Creating dropbox File Search");

//Set Bearer token for Box Call (headers1 has is do avoid name clashes in other scripts)
var fileSearch = msgFactory.create();

//SetQuery parameters
var newQueryString = "query=leads.txt";
fileSearch.setProperty("com.soa.message.TRANSPORT_QUERY", newQueryString.toString());

//Set path variables
var paraprop = new java.util.HashMap();
paraprop.put("root", "dropbox");
paraprop.put("path", "leads");
fileSearch.setProperty("http.binding.path.params", paraprop);

//insert the authKey header
var headers = fileSearch.getTransportHeaders();
if (headers == null) {
	headers = fileSearch.createTransportHeaders()
}
headers.add("authKey", processContext.getVariable("AuthKey"));

//Set boxSearch process variable
processContext.setVariable("FileSearch",fileSearch);

auditLog.debug("Finished Dropbox File Search");</ns11:Script></ns2:ScriptedActivity></ns10:Activity><ns10:Activity ActivityType="ns12:ScriptedActivity" LastUpdated="1428486112408" Name="SaveResult" xmlns:ns12="http://soa.com/uri/products/activity/script/xsd/1.0"><ns2:ScriptedActivity xmlns="http://soa.com/uri/products/activity/audit/xsd/1.0" xmlns:ns11="http://soa.com/uri/products/activity/script/xsd/1.0" xmlns:ns2="http://soa.com/uri/products/activity/script/xsd/1.0" xmlns:ns3="http://soa.com/uri/products/activity/stripxml/xsd/1.0" xmlns:ns4="http://soa.com/uri/products/activity/xform/xsd/1.0" xmlns:ns5="http://soa.com/uri/products/activity/process/xsd/1.0" xmlns:ns6="http://soa.com/uri/products/activity/insertxml/xsd/1.0" xmlns:ns7="http://soa.com/uri/products/activity/insertcontent/xsd/1.0"><ns11:Language>js</ns11:Language><ns11:Script>// *************************************************************
// *************************************************************
// **
// **  process the response of the HTTP request Script
// **
// **  Stores the file path for later use
// **
// *************************************************************
// *************************************************************
var msg = processContext.getVariable("FileSearchResult");

auditLog.debug("processing the File Search result");

if (msg != null || msg != undefined) {
	var msgJSON = JSON.parse(msg.getContentAsString());

	auditLog.debug("the result was = " + JSON.stringify(msgJSON));
	
	if (msgJSON != null || msgJSON != undefined){
		var path = msgJSON[0].path.toString();
		processContext.setVariable("FilePath", path);
	} else {
		processContext.setVariable("FilePath", "0");
	}
} else {
	processContext.setVariable("FilePath", "0");
}
	
</ns11:Script></ns2:ScriptedActivity></ns10:Activity><ns10:Activity ActivityType="ns12:ProcessActivity" LastUpdated="1428486112408" Name="UploadFile" xmlns:ns12="http://soa.com/uri/products/activity/process/xsd/1.0"><ns5:ProcessActivity xmlns="http://soa.com/uri/products/activity/audit/xsd/1.0" xmlns:ns11="http://soa.com/uri/products/activity/process/xsd/1.0" xmlns:ns2="http://soa.com/uri/products/activity/script/xsd/1.0" xmlns:ns3="http://soa.com/uri/products/activity/stripxml/xsd/1.0" xmlns:ns4="http://soa.com/uri/products/activity/xform/xsd/1.0" xmlns:ns5="http://soa.com/uri/products/activity/process/xsd/1.0" xmlns:ns6="http://soa.com/uri/products/activity/insertxml/xsd/1.0" xmlns:ns7="http://soa.com/uri/products/activity/insertcontent/xsd/1.0"><ns11:ProcessID>bpel:a1c12da5-dcc4-11e4-bea5-dbead20d92c4</ns11:ProcessID></ns5:ProcessActivity></ns10:Activity><ns10:Activity ActivityType="ns12:ScriptedActivity" LastUpdated="1428486112408" Name="configureDelete" xmlns:ns12="http://soa.com/uri/products/activity/script/xsd/1.0"><ns2:ScriptedActivity xmlns="http://soa.com/uri/products/activity/audit/xsd/1.0" xmlns:ns11="http://soa.com/uri/products/activity/script/xsd/1.0" xmlns:ns2="http://soa.com/uri/products/activity/script/xsd/1.0" xmlns:ns3="http://soa.com/uri/products/activity/stripxml/xsd/1.0" xmlns:ns4="http://soa.com/uri/products/activity/xform/xsd/1.0" xmlns:ns5="http://soa.com/uri/products/activity/process/xsd/1.0" xmlns:ns6="http://soa.com/uri/products/activity/insertxml/xsd/1.0" xmlns:ns7="http://soa.com/uri/products/activity/insertcontent/xsd/1.0"><ns11:Language>js</ns11:Language><ns11:Script>// *************************************************************
// *************************************************************
// **
// **  HTTP request configuration Script
// **
// **  Creates the Message Object to be used by the Box API Hook
// **	 to delete the file called "leads.txt" if it already exists
// **
// *************************************************************
// *************************************************************
auditLog.debug("Creating file delete");

//Set Bearer token for Box Call (headers1 has is do avoid name clashes in other scripts)
var boxDelete = msgFactory.create();

//SetQuery parameters
var newQueryString = "root=dropbox&amp;path="+processContext.getVariable("FilePath");
newQueryString = encodeURIComponent(newQueryString.toString());
boxSearch.setProperty("com.soa.message.TRANSPORT_QUERY", newQueryString);
							
//insert the authKey header
var headers = boxDelete.getTransportHeaders();
if (headers == null) {
	headers = boxDelete.createTransportHeaders()
}
headers.add("authKey", processContext.getVariable("AuthKey"));

//Set boxSearch process variable
processContext.setVariable("BoxDelete",boxDelete);

auditLog.debug("Finished file delete");</ns11:Script></ns2:ScriptedActivity></ns10:Activity><ns10:Activity ActivityType="ns12:ScriptedActivity" LastUpdated="1428486112408" Name="SaveDeleteResult" xmlns:ns12="http://soa.com/uri/products/activity/script/xsd/1.0"><ns2:ScriptedActivity xmlns="http://soa.com/uri/products/activity/audit/xsd/1.0" xmlns:ns11="http://soa.com/uri/products/activity/script/xsd/1.0" xmlns:ns2="http://soa.com/uri/products/activity/script/xsd/1.0" xmlns:ns3="http://soa.com/uri/products/activity/stripxml/xsd/1.0" xmlns:ns4="http://soa.com/uri/products/activity/xform/xsd/1.0" xmlns:ns5="http://soa.com/uri/products/activity/process/xsd/1.0" xmlns:ns6="http://soa.com/uri/products/activity/insertxml/xsd/1.0" xmlns:ns7="http://soa.com/uri/products/activity/insertcontent/xsd/1.0"><ns11:Language>js</ns11:Language><ns11:Script>// *************************************************************
// *************************************************************
// **
// **  process the response of the HTTP request Script
// **
// **  Stores the result of the file delete request
// **
// *************************************************************
// *************************************************************
var msg = processContext.getVariable("BoxSearchResult");

auditLog.debug("processing the Folder Delete result");

var msgJSON = JSON.parse(msg.getContentAsString());

auditLog.debug("the result was = " + JSON.stringify(msgJSON));

if (msgJSON != null || msgJSON != undefined){
	var deleted = msgJSON.is_deleted.toString();
	processContext.setVariable("Deleted", deleted);
} else
	processContext.setVariable("Deleted", false);

</ns11:Script></ns2:ScriptedActivity></ns10:Activity><ns10:Activity ActivityType="ns12:ProcessActivity" LastUpdated="1428486112409" Name="UploadFile3" xmlns:ns12="http://soa.com/uri/products/activity/process/xsd/1.0"><ns5:ProcessActivity xmlns="http://soa.com/uri/products/activity/audit/xsd/1.0" xmlns:ns11="http://soa.com/uri/products/activity/process/xsd/1.0" xmlns:ns2="http://soa.com/uri/products/activity/script/xsd/1.0" xmlns:ns3="http://soa.com/uri/products/activity/stripxml/xsd/1.0" xmlns:ns4="http://soa.com/uri/products/activity/xform/xsd/1.0" xmlns:ns5="http://soa.com/uri/products/activity/process/xsd/1.0" xmlns:ns6="http://soa.com/uri/products/activity/insertxml/xsd/1.0" xmlns:ns7="http://soa.com/uri/products/activity/insertcontent/xsd/1.0"><ns11:ProcessID>bpel:a1c12da5-dcc4-11e4-bea5-dbead20d92c4</ns11:ProcessID></ns5:ProcessActivity></ns10:Activity><ns10:Activity ActivityType="ns12:ScriptedActivity" LastUpdated="1428486112409" Name="end" xmlns:ns12="http://soa.com/uri/products/activity/script/xsd/1.0"><ns2:ScriptedActivity xmlns="http://soa.com/uri/products/activity/audit/xsd/1.0" xmlns:ns11="http://soa.com/uri/products/activity/script/xsd/1.0" xmlns:ns2="http://soa.com/uri/products/activity/script/xsd/1.0" xmlns:ns3="http://soa.com/uri/products/activity/stripxml/xsd/1.0" xmlns:ns4="http://soa.com/uri/products/activity/xform/xsd/1.0" xmlns:ns5="http://soa.com/uri/products/activity/process/xsd/1.0" xmlns:ns6="http://soa.com/uri/products/activity/insertxml/xsd/1.0" xmlns:ns7="http://soa.com/uri/products/activity/insertcontent/xsd/1.0"/></ns10:Activity><ns10:Activity ActivityType="ns12:ScriptedActivity" LastUpdated="1428486112409" Name="Create the Box Folder Request" xmlns:ns12="http://soa.com/uri/products/activity/script/xsd/1.0"><ns2:ScriptedActivity xmlns="http://soa.com/uri/products/activity/audit/xsd/1.0" xmlns:ns11="http://soa.com/uri/products/activity/script/xsd/1.0" xmlns:ns2="http://soa.com/uri/products/activity/script/xsd/1.0" xmlns:ns3="http://soa.com/uri/products/activity/stripxml/xsd/1.0" xmlns:ns4="http://soa.com/uri/products/activity/xform/xsd/1.0" xmlns:ns5="http://soa.com/uri/products/activity/process/xsd/1.0" xmlns:ns6="http://soa.com/uri/products/activity/insertxml/xsd/1.0" xmlns:ns7="http://soa.com/uri/products/activity/insertcontent/xsd/1.0"><ns11:Language>js</ns11:Language><ns11:Script>// *************************************************************
// *************************************************************
// **
// **  HTTP request configuration Script
// **
// **  Creates the Message Object to be used by the Box API Hook
// **	 to create a folder if it didn't exist
// **
// *************************************************************
// *************************************************************
auditLog.debug("Start Config Create Folder");

//Create new message for invoke
var boxMessage = msgFactory.create();

//Set path variables
var paraprop = new java.util.HashMap();
paraprop.put("root", "dropbox");
paraprop.put("path", "leads");
boxMessage.setProperty("http.binding.path.params", paraprop);

//insert the authKey header
var headers = boxMessage.getTransportHeaders();
if (headers == null) {
	headers = boxMessage.createTransportHeaders()
}
headers.add("authKey", processContext.getVariable("AuthKey"));

processContext.setVariable("AddFolder", boxMessage);

auditLog.debug("Done Configuring Create Folder");
</ns11:Script></ns2:ScriptedActivity></ns10:Activity><ns10:Activity ActivityType="ns12:ScriptedActivity" LastUpdated="1428486112409" Name="Save Create Result" xmlns:ns12="http://soa.com/uri/products/activity/script/xsd/1.0"><ns2:ScriptedActivity xmlns="http://soa.com/uri/products/activity/audit/xsd/1.0" xmlns:ns11="http://soa.com/uri/products/activity/script/xsd/1.0" xmlns:ns2="http://soa.com/uri/products/activity/script/xsd/1.0" xmlns:ns3="http://soa.com/uri/products/activity/stripxml/xsd/1.0" xmlns:ns4="http://soa.com/uri/products/activity/xform/xsd/1.0" xmlns:ns5="http://soa.com/uri/products/activity/process/xsd/1.0" xmlns:ns6="http://soa.com/uri/products/activity/insertxml/xsd/1.0" xmlns:ns7="http://soa.com/uri/products/activity/insertcontent/xsd/1.0"><ns11:Language>js</ns11:Language><ns11:Script>// *************************************************************
// *************************************************************
// **
// **  process the response of the HTTP request Script
// **
// **  Stores the result of the folder creation dropbox API Hook call
// **
// *************************************************************
// *************************************************************
var msg = processContext.getVariable("AddFolderResult");

auditLog.debug("processing the Create folder result");

var msgJSON = JSON.parse(msg.getContentAsString());

auditLog.debug("the result was = " + JSON.stringify(msgJSON));

if (msgJSON != null || msgJSON != undefined){
	var path = msgJSON.path.toString();
	processContext.setVariable("Path", path);
} else
	processContext.setVariable("Path", "0");
</ns11:Script></ns2:ScriptedActivity></ns10:Activity><ns10:Activity ActivityType="ns12:ProcessActivity" LastUpdated="1428486112409" Name="UploadFile2" xmlns:ns12="http://soa.com/uri/products/activity/process/xsd/1.0"><ns5:ProcessActivity xmlns="http://soa.com/uri/products/activity/audit/xsd/1.0" xmlns:ns11="http://soa.com/uri/products/activity/process/xsd/1.0" xmlns:ns2="http://soa.com/uri/products/activity/script/xsd/1.0" xmlns:ns3="http://soa.com/uri/products/activity/stripxml/xsd/1.0" xmlns:ns4="http://soa.com/uri/products/activity/xform/xsd/1.0" xmlns:ns5="http://soa.com/uri/products/activity/process/xsd/1.0" xmlns:ns6="http://soa.com/uri/products/activity/insertxml/xsd/1.0" xmlns:ns7="http://soa.com/uri/products/activity/insertcontent/xsd/1.0"><ns11:ProcessID>bpel:a1c12da5-dcc4-11e4-bea5-dbead20d92c4</ns11:ProcessID></ns5:ProcessActivity></ns10:Activity><ns10:Activity ActivityType="ns12:ScriptedActivity" LastUpdated="1428486112409" Name="FileCreationFailed" xmlns:ns12="http://soa.com/uri/products/activity/script/xsd/1.0"><ns2:ScriptedActivity xmlns="http://soa.com/uri/products/activity/audit/xsd/1.0" xmlns:ns11="http://soa.com/uri/products/activity/script/xsd/1.0" xmlns:ns2="http://soa.com/uri/products/activity/script/xsd/1.0" xmlns:ns3="http://soa.com/uri/products/activity/stripxml/xsd/1.0" xmlns:ns4="http://soa.com/uri/products/activity/xform/xsd/1.0" xmlns:ns5="http://soa.com/uri/products/activity/process/xsd/1.0" xmlns:ns6="http://soa.com/uri/products/activity/insertxml/xsd/1.0" xmlns:ns7="http://soa.com/uri/products/activity/insertcontent/xsd/1.0"><ns11:Language>js</ns11:Language><ns11:Script>// *************************************************************
// *************************************************************
// **
// **  create the error message Script
// **
// **  Creates the Message Object to be used by the Box API Hook
// **	 to look for a file called "leads.txt"
// **
// *************************************************************
// *************************************************************

auditLog.debug("the file creation failed");
</ns11:Script></ns2:ScriptedActivity></ns10:Activity></ns10:Activities><ns9:partnerLinkType name="SalesforceAuthentication_PortTypeConsumer"><ns9:role name="Consumer"><ns9:portType name="ns12:SalesforceAuthentication_PortType" xmlns:ns12="https://login.salesforce.com/services/oauth2"/></ns9:role></ns9:partnerLinkType><ns9:partnerLinkType name="SalesforceV20_API_PortTypeConsumer"><ns9:role name="Consumer"><ns9:portType name="ns12:SalesforceV20_API_PortType" xmlns:ns12="https://na4.salesforce.com/services/data/v20.0/"/></ns9:role></ns9:partnerLinkType><ns9:partnerLinkType name="Box_Content_API_PortTypeConsumer"><ns9:role name="Consumer"><ns9:portType name="ns12:Box_Content_API_PortType" xmlns:ns12="https://api.box.com/2.0"/></ns9:role></ns9:partnerLinkType><ns9:partnerLinkType name="Box_Upload_API_PortTypeConsumer"><ns9:role name="Consumer"><ns9:portType name="ns12:Box_Upload_API_PortType" xmlns:ns12="https://upload.box.com/api/2.0/"/></ns9:role></ns9:partnerLinkType><ns9:partnerLinkType name="Box_API_HookConsumer"><ns9:role name="Consumer"><ns9:portType name="ns12:Box_API_Hook" xmlns:ns12="https://api.box.com/2.0/hook"/></ns9:role></ns9:partnerLinkType><ns9:partnerLinkType name="Dropbox_Core_API_PortTypeConsumer"><ns9:role name="Consumer"><ns9:portType name="ns12:Dropbox_Core_API_PortType" xmlns:ns12="https://api.dropbox.com/1"/></ns9:role></ns9:partnerLinkType><ns9:partnerLinkType name="Dropbox_Content_API_PortTypeConsumer"><ns9:role name="Consumer"><ns9:portType name="ns12:Dropbox_Content_API_PortType" xmlns:ns12="https://api-content.dropbox.com/1"/></ns9:role></ns9:partnerLinkType><partnerLinks><partnerLink myRole="Consumer" name="Activity" partnerLinkType="ns12:ActivityPortTypeConsumer" xmlns:ns12="http://soa.com/processs"/><partnerLink myRole="Consumer" name="SalesforceAuthentication_PortTypePartnerLink" partnerLinkType="ns12:SalesforceAuthentication_PortTypeConsumer" xmlns:ns12="http://soa.com/processs"/><partnerLink myRole="Consumer" name="SalesforceV20_API_PortTypePartnerLink" partnerLinkType="ns12:SalesforceV20_API_PortTypeConsumer" xmlns:ns12="http://soa.com/processs"/><partnerLink myRole="Consumer" name="Box_Content_API_PortTypePartnerLink" partnerLinkType="ns12:Box_Content_API_PortTypeConsumer" xmlns:ns12="http://soa.com/processs"/><partnerLink myRole="Consumer" name="Box_Upload_API_PortTypePartnerLink" partnerLinkType="ns12:Box_Upload_API_PortTypeConsumer" xmlns:ns12="http://soa.com/processs"/><partnerLink myRole="Consumer" name="Box_API_HookPartnerLink" partnerLinkType="ns12:Box_API_HookConsumer" xmlns:ns12="http://soa.com/processs"/><partnerLink myRole="Consumer" name="Dropbox_Core_API_PortTypePartnerLink" partnerLinkType="ns12:Dropbox_Core_API_PortTypeConsumer" xmlns:ns12="http://soa.com/processs"/><partnerLink myRole="Consumer" name="Dropbox_Content_API_PortTypePartnerLink" partnerLinkType="ns12:Dropbox_Content_API_PortTypeConsumer" xmlns:ns12="http://soa.com/processs"/></partnerLinks><variables><variable messageType="ns12:ActivityMessage" name="message" xmlns:ns12="http://soa.com/process/activity"/><variable messageType="ns12:ActivityMessage" name="fault" xmlns:ns12="http://soa.com/process/activity"/><variable defaultValue="" name="boxResultCode" type="xs:string" xmlns:xs="http://www.w3.org/2001/XMLSchema"/><variable defaultValue="" name="path" type="xs:string" xmlns:xs="http://www.w3.org/2001/XMLSchema"/><variable messageType="ns12:ActivityMessage" name="BoxMessage" xmlns:ns12="http://soa.com/process/activity"/><variable messageType="ns12:ActivityMessage" name="BoxOutput" xmlns:ns12="http://soa.com/process/activity"/><variable defaultValue="" name="Path" type="xs:string" xmlns:xs="http://www.w3.org/2001/XMLSchema"/><variable messageType="ns12:ActivityMessage" name="FolderSearch" xmlns:ns12="http://soa.com/process/activity"/><variable messageType="ns12:ActivityMessage" name="FolderSearchResult" xmlns:ns12="http://soa.com/process/activity"/><variable messageType="ns12:ActivityMessage" name="AddFolder" xmlns:ns12="http://soa.com/process/activity"/><variable messageType="ns12:ActivityMessage" name="AddFolderResult" xmlns:ns12="http://soa.com/process/activity"/><variable messageType="ns12:ActivityMessage" name="BoxDelete" xmlns:ns12="http://soa.com/process/activity"/><variable messageType="ns12:ActivityMessage" name="BoxDeleteResult" xmlns:ns12="http://soa.com/process/activity"/><variable defaultValue="" name="Status" type="xs:string" xmlns:xs="http://www.w3.org/2001/XMLSchema"/><variable defaultValue="" name="FilePath" type="xs:string" xmlns:xs="http://www.w3.org/2001/XMLSchema"/><variable messageType="ns12:ActivityMessage" name="FileSearch" xmlns:ns12="http://soa.com/process/activity"/><variable messageType="ns12:ActivityMessage" name="FileSearchResulr" xmlns:ns12="http://soa.com/process/activity"/></variables><sequence><invoke inputVariable="message" name="Create Search Request" operation="invoke" outputVariable="message" partnerLink="Activity" portType="ns10:ActivityPortType"><ns2:InvocationExt endpoint="Create Search Request" propagateExchange="true" service="ns10:ActivityService"/></invoke><invoke inputVariable="FolderSearch" name="SearchforFolder" operation="GET__search__root___path_" outputVariable="FolderSearchResult" partnerLink="Dropbox_Core_API_PortTypePartnerLink" portType="ns12:Dropbox_Core_API_PortType" xmlns:ns12="https://api.dropbox.com/1"><ns2:InvocationExt service="ns12:Dropbox_Core_API_vs0"><ns2:Audit/></ns2:InvocationExt></invoke><invoke inputVariable="message" name="Save Search Result" operation="invoke" outputVariable="message" partnerLink="Activity" portType="ns10:ActivityPortType"><ns2:InvocationExt endpoint="Save Search Result" propagateExchange="true" service="ns10:ActivityService"/></invoke><switch name="Branch1" ns2:expressionLanguage="js"><case condition="&lt;?xml version=&quot;1.0&quot; encoding=&quot;UTF-8&quot; standalone=&quot;yes&quot;?>&lt;Script xmlns=&quot;http://soa.com/capabilities/service/scripting&quot;>&lt;Language>js&lt;/Language>&lt;Source>var path = processContext.getVariable(&quot;Path&quot;);&#xa;auditLog.debug(&quot;folder path is: &quot;+path);&#xa;path != &quot;0&quot;;&#xa;&lt;/Source>&lt;/Script>" ns2:inputVariable="" ns2:label="FolderExists"><sequence><invoke inputVariable="message" name="ConfigFileSearch" operation="invoke" outputVariable="message" partnerLink="Activity" portType="ns10:ActivityPortType"><ns2:InvocationExt endpoint="ConfigFileSearch" propagateExchange="true" service="ns10:ActivityService"/></invoke><invoke inputVariable="FileSearch" name="SearchforFile" operation="GET__search__root___path_" outputVariable="FileSearchResulr" partnerLink="Dropbox_Core_API_PortTypePartnerLink" portType="ns12:Dropbox_Core_API_PortType" xmlns:ns12="https://api.dropbox.com/1"><ns2:InvocationExt service="ns12:Dropbox_Core_API_vs0"><ns2:Audit/></ns2:InvocationExt></invoke><invoke inputVariable="message" name="SaveResult" operation="invoke" outputVariable="message" partnerLink="Activity" portType="ns10:ActivityPortType"><ns2:InvocationExt endpoint="SaveResult" propagateExchange="true" service="ns10:ActivityService"/></invoke><switch name="Branch3" ns2:expressionLanguage="js"><case condition="&lt;?xml version=&quot;1.0&quot; encoding=&quot;UTF-8&quot; standalone=&quot;yes&quot;?>&lt;Script xmlns=&quot;http://soa.com/capabilities/service/scripting&quot;>&lt;Language>js&lt;/Language>&lt;Source>var path = processContext.getVariable(&quot;FilePath&quot;);&#xa;&#xa;auditLog.error(&quot;file path is: &quot;+path);&#xa;path == &quot;0&quot;;&lt;/Source>&lt;/Script>" ns2:inputVariable="" ns2:label="FileDoesntExist"><sequence><invoke inputVariable="message" name="UploadFile" operation="invoke" outputVariable="message" partnerLink="Activity" portType="ns10:ActivityPortType"><ns2:InvocationExt endpoint="UploadFile" propagateExchange="true" service="ns10:ActivityService"/></invoke></sequence></case><otherwise><sequence><invoke inputVariable="message" name="configureDelete" operation="invoke" outputVariable="message" partnerLink="Activity" portType="ns10:ActivityPortType"><ns2:InvocationExt endpoint="configureDelete" propagateExchange="true" service="ns10:ActivityService"/></invoke><invoke inputVariable="BoxDelete" name="DeleteFile" operation="POST__fileops_delete" outputVariable="BoxDeleteResult" partnerLink="Dropbox_Core_API_PortTypePartnerLink" portType="ns12:Dropbox_Core_API_PortType" xmlns:ns12="https://api.dropbox.com/1"><ns2:InvocationExt service="ns12:Dropbox_Core_API_vs0"><ns2:Audit/></ns2:InvocationExt></invoke><invoke inputVariable="message" name="SaveDeleteResult" operation="invoke" outputVariable="message" partnerLink="Activity" portType="ns10:ActivityPortType"><ns2:InvocationExt endpoint="SaveDeleteResult" propagateExchange="true" service="ns10:ActivityService"/></invoke><switch name="Branch4" ns2:expressionLanguage="js"><case condition="&lt;?xml version=&quot;1.0&quot; encoding=&quot;UTF-8&quot; standalone=&quot;yes&quot;?>&lt;Script xmlns=&quot;http://soa.com/capabilities/service/scripting&quot;>&lt;Language>js&lt;/Language>&lt;Source>var deleted = processContext.getVariable(&quot;Deleted&quot;);&#xa;&#xa;&#xa;auditLog.error(&quot;deleted is: &quot;+deleted);&#xa;deleted == true;&#xa;&lt;/Source>&lt;/Script>" ns2:inputVariable="" ns2:label="FileDeleted"><sequence><invoke inputVariable="message" name="UploadFile3" operation="invoke" outputVariable="message" partnerLink="Activity" portType="ns10:ActivityPortType"><ns2:InvocationExt endpoint="UploadFile3" propagateExchange="true" service="ns10:ActivityService"/></invoke></sequence></case><otherwise><sequence><invoke inputVariable="message" name="end" operation="invoke" outputVariable="message" partnerLink="Activity" portType="ns10:ActivityPortType"><ns2:InvocationExt endpoint="end" propagateExchange="true" service="ns10:ActivityService"/></invoke></sequence></otherwise></switch></sequence></otherwise></switch></sequence></case><otherwise><sequence><invoke inputVariable="message" name="Create the Box Folder Request" operation="invoke" outputVariable="message" partnerLink="Activity" portType="ns10:ActivityPortType"><ns2:InvocationExt endpoint="Create the Box Folder Request" propagateExchange="true" service="ns10:ActivityService"/></invoke><invoke inputVariable="AddFolder" name="CreateBoxFolder" operation="POST__files_put__root___path_" outputVariable="AddFolderResult" partnerLink="Dropbox_Content_API_PortTypePartnerLink" portType="ns12:Dropbox_Content_API_PortType" xmlns:ns12="https://api-content.dropbox.com/1"><ns2:InvocationExt service="ns12:Dropbox_Content_API_vs0"><ns2:Audit/></ns2:InvocationExt></invoke><invoke inputVariable="message" name="Save Create Result" operation="invoke" outputVariable="message" partnerLink="Activity" portType="ns10:ActivityPortType"><ns2:InvocationExt endpoint="Save Create Result" propagateExchange="true" service="ns10:ActivityService"/></invoke><switch name="Branch2" ns2:expressionLanguage="js"><case condition="&lt;?xml version=&quot;1.0&quot; encoding=&quot;UTF-8&quot; standalone=&quot;yes&quot;?>&lt;Script xmlns=&quot;http://soa.com/capabilities/service/scripting&quot;>&lt;Language>js&lt;/Language>&lt;Source>var path = processContext.getVariable(&quot;FilePath&quot;);&#xa;&#xa;audiLog.error(&quot;file path is: &quot;+path);&#xa;path != &quot;0&quot;;&#xa;&lt;/Source>&lt;/Script>" ns2:inputVariable="" ns2:label="FolderCreated"><sequence><invoke inputVariable="message" name="UploadFile2" operation="invoke" outputVariable="message" partnerLink="Activity" portType="ns10:ActivityPortType"><ns2:InvocationExt endpoint="UploadFile2" propagateExchange="true" service="ns10:ActivityService"/></invoke></sequence></case><otherwise><sequence><invoke inputVariable="message" name="FileCreationFailed" operation="invoke" outputVariable="message" partnerLink="Activity" portType="ns10:ActivityPortType"><ns2:InvocationExt endpoint="FileCreationFailed" propagateExchange="true" service="ns10:ActivityService"/></invoke></sequence></otherwise></switch></sequence></otherwise></switch></sequence></process>