<?xml version="1.0" encoding="UTF-8"?>
<ActivityGraph xmlns="http://soa.com/uri/products/activity/graph/xsd/1.0"><PositionElements><Position ActivityName="SaveInputJSON"><XPosition>100</XPosition><YPosition>100</YPosition></Position><Position ActivityName="PostLeadToSF"><XPosition>210</XPosition><YPosition>100</YPosition></Position><Position ActivityName="AddtoDropbox"><XPosition>320</XPosition><YPosition>100</YPosition></Position><Position ActivityName="InsertSuccess"><XPosition>430</XPosition><YPosition>100</YPosition></Position></PositionElements></ActivityGraph>