<?xml version="1.0" encoding="UTF-8"?>
<ActivityGraph xmlns="http://soa.com/uri/products/activity/graph/xsd/1.0"><PositionElements><Position ActivityName="AuthoriseSalesForce"><XPosition>90</XPosition><YPosition>100</YPosition></Position><Position ActivityName="ConfigMsg"><XPosition>210</XPosition><YPosition>100</YPosition></Position><Position ActivityName="PostLeadToSF"><XPosition>320</XPosition><YPosition>100</YPosition></Position><Position ActivityName="ExtractSaleForceId"><XPosition>430</XPosition><YPosition>100</YPosition></Position></PositionElements></ActivityGraph>