<?xml version="1.0" encoding="UTF-8"?>
<ActivityGraph xmlns="http://soa.com/uri/products/activity/graph/xsd/1.0"><PositionElements><Position ActivityName="Create Search Request"><XPosition>100</XPosition><YPosition>250</YPosition></Position><Position ActivityName="SearchforFolder"><XPosition>210</XPosition><YPosition>250</YPosition></Position><Position ActivityName="Save Search Result"><XPosition>320</XPosition><YPosition>250</YPosition></Position><Position ActivityName="Branch1"><XPosition>430</XPosition><YPosition>250</YPosition></Position><Position ActivityName="ConfigFileSearch"><XPosition>520</XPosition><YPosition>150</YPosition></Position><Position ActivityName="SearchforFile"><XPosition>630</XPosition><YPosition>150</YPosition></Position><Position ActivityName="SaveResult"><XPosition>740</XPosition><YPosition>150</YPosition></Position><Position ActivityName="Branch3"><XPosition>850</XPosition><YPosition>150</YPosition></Position><Position ActivityName="UploadFile"><XPosition>940</XPosition><YPosition>100</YPosition></Position><Position ActivityName="configureDelete"><XPosition>940</XPosition><YPosition>200</YPosition></Position><Position ActivityName="DeleteFile"><XPosition>1050</XPosition><YPosition>200</YPosition></Position><Position ActivityName="SaveDeleteResult"><XPosition>1160</XPosition><YPosition>200</YPosition></Position><Position ActivityName="Branch4"><XPosition>1270</XPosition><YPosition>200</YPosition></Position><Position ActivityName="UploadFile3"><XPosition>1360</XPosition><YPosition>150</YPosition></Position><Position ActivityName="end"><XPosition>1360</XPosition><YPosition>250</YPosition></Position><Position ActivityName="Create the Box Folder Request"><XPosition>520</XPosition><YPosition>350</YPosition></Position><Position ActivityName="CreateBoxFolder"><XPosition>630</XPosition><YPosition>350</YPosition></Position><Position ActivityName="Save Create Result"><XPosition>740</XPosition><YPosition>350</YPosition></Position><Position ActivityName="Branch2"><XPosition>850</XPosition><YPosition>350</YPosition></Position><Position ActivityName="UploadFile2"><XPosition>940</XPosition><YPosition>300</YPosition></Position><Position ActivityName="FileCreationFailed"><XPosition>940</XPosition><YPosition>400</YPosition></Position></PositionElements></ActivityGraph>